Nom,2006,2007,2008,2009,2010,2011,2012,2013,2014,2015,2016,2017,2018,2019,2020
Sandro Vock,,,,,,,10:08.56,,,,,,,,
Dario Zoller,,,,,,,,,,,11:30.36,,,,
Ulisses Joos,,,,,,,,,,8:46.65,,,,8:50.77,
Raphael Amrein,,,12:24.21,,,,,,,,,,,,
Matthias Ludwig,,,,,11:44.04,,,,,,,,,,
Ybrah Shimay,,,,,,,,,,,,,,,10:11.47
Stefan Müller,8:49.68,9:03.97,,,,,,,,,,,,,
Cyril Wanner,,12:26.60,,,,,,,,,,,,,
Yannick Fringeli,8:46.85,,,,,,,,,,,,,,
Mischa Lubasch,,,,,,,,,,,9:13.21,,,,
Samuel Cotture,11:17.43,,,,,,,,,,,,,,
Mike Gaugler,10:56.23,10:19.25,10:11.17,,9:43.46,9:36.42,,,,,,,,,
Daniel Perret,,9:50.64,,,,,,,,,,,,,
Yves Spira,10:25.67,10:34.52,10:17.88,10:34.36,,,,,,,,,,,
Damien Schaller,10:55.64,10:49.15,,,,,,,,,,,,,
Roberto Simone,,9:18.13,9:02.94,,,,,,,,8:52.38,9:02.35,8:52.86,9:10.17,
Brice Repond,10:36.62,10:37.14,,,,,,,,,,,,,
Michel Grandgirard,,,,,,,11:05.84,,,,,,,,
Camilo Irarragorri,,,,,,,,,,,,,,9:33.23,
Pascal Giger,,9:45.61,,,9:43.90,9:38.49,,,,,,,,,
Yves Megret,,,,,,,,10:03.89,,,,,,,
Arnaud Tissières,,,,11:41.76,10:59.74,,,,,,,,,,
Samuel Ziegler,,,,10:33.12,,,,,,,,,,,
Roland Christen,9:41.38,,,,,,,,,,,,,,
Thomas Gruber,,,,,10:19.55,,,,,,,,,,
Markus Heidl,,,,,,9:32.80,,,,,,,,,
Anaël Cancela,,,,,,,,,,,9:28.58,,9:16.60,,
Max Witteveen,,,,,,,,,,,,,,9:14.37,9:20.06
Cédric Ringler,,,,,11:51.05,,,,,,,,,,
Patrick Zbinden,,,,,,9:43.75,9:16.60,9:02.79,,,,,9:04.58,,
Jan Buess,,,,,,,,11:51.24,,,,,,,
Stéphane Schweickhardt,,9:48.09,9:41.82,,,,,,,,,,,,
Bastien Délèze,,,11:53.34,,10:46.01,,,,,,,,,,
Mekonen Tefera,,,,,,,,,,,8:47.71,,,,
Robin Wütschert,,,,,,,11:20.23,10:30.25,10:48.71,,,,10:38.70,,
Christoph Kellerhals,,,8:35.58,,,,,,,,,,,,
Stefan Breit,8:29.70,8:38.82,8:24.88,,8:37.74,,,8:20.47,,,,,,,
Severin Kurt,,,10:14.09,,,,9:55.90,,,,,,,,
Christoph Steinbacher,,,,,,,,9:26.98,,,,,,,
Ludek Cigler,,,,9:45.78,,,,,,,,,,,
Loris Pellaz,,,,,,,,,,9:49.88,9:29.13,,9:14.36,,8:24.08
Denis Sorie,,,,,,,,,,,11:13.90,,,,
Andrea Ricci,,,,,,,9:44.20,9:37.16,9:24.98,9:39.29,,,,,
Mattia Fumagalli,,,,,,,,10:51.60,,10:05.76,10:32.90,,,,
Reto Dietiker,,,8:40.47,,,,,,,,,,,,
Simon Duplain,,,,,,,,,11:42.11,11:51.40,,,,,
Cyril Günter,,,,,,,,,12:04.68,,,,,,
Adrian Lehmann,9:31.92,9:19.00,8:59.42,8:35.78,8:42.12,8:27.57,8:36.44,8:16.93,,8:21.31,8:29.24,8:24.60,,8:39.17,
Jonathan Kalberer,,,,,,,,,,,9:47.83,10:00.28,,,
Stefan Elliker,9:22.26,8:59.87,8:53.04,,,,,,,,,,,,
Angelo Melera,,,,,,,,,,,9:37.55,,,,
Candide Pralong,,,,,,,,,,,,,,,8:27.60
Johnny Balasubramaniam,8:31.94,,,,,,,,,,,,,,
Sasha Pagani,,11:37.86,13:14.03,,,,,,,,,,,,
Ramon Schnyder,,,,,,,,9:55.05,,,,,,,
Hansjörg Brücker,,,,,,9:18.33,,,9:45.43,,,10:10.24,10:06.31,9:59.88,10:19.62
Zouhair Oumoussa,,,,,8:41.53,,8:33.18,,8:25.35,8:26.13,,,,,
David Simonet,,,,,,,,,,,,,,9:41.81,
Simon Schmid,,,,,,9:39.01,,,,,,,,,
Julien Andrey,,9:04.47,,,,,,,,,,,,,
Nicolas Sangleboeuf,,,11:40.51,,,,,,,,,10:23.14,,,
Nicolas Bocherens,,,,,8:47.94,,,,,,,,,,
Dominik Hürzeler,,,,,,,,,10:48.46,,,,,,
Kenny Lambiel,,10:15.70,9:56.80,,9:59.20,,,,,,,,,,
Karim Jammoul,,10:46.70,10:38.51,,,,,,,,,,,,
Ueli Küttel,,9:21.96,9:50.87,,9:43.92,,9:21.07,9:29.49,,10:14.71,9:55.00,9:49.38,10:52.95,,
Jerome Chiquet,,,,,,,,,9:30.91,,,9:30.47,,,
Adrian Müller,,,,,,,8:56.65,,8:48.33,,9:22.50,9:05.42,,,
Mathieu Benninghoff,,,,,,,,,,,9:45.68,9:37.22,9:32.65,9:17.80,
Patrick Rhyner,,,,,8:53.79,8:59.29,,,,,,,,,
Cyrille Bosshart,,9:27.58,9:33.34,,,,,,,,,,,,
Tommaso Marani,,,,,,,,,,,,,,9:09.46,
Gzim Imeri,,,,,,,,,,,9:01.53,,,,
Philippe Nicollier,,,9:56.49,,9:37.15,9:08.59,,9:23.99,,,,,,,
Ludwig Ruder,,9:53.40,9:39.32,9:35.92,8:54.39,8:45.90,8:42.93,8:40.11,8:48.36,8:50.33,8:59.50,,9:00.38,8:51.81,9:01.95
Jean-Luc Hofer,10:33.32,,,9:44.84,,,9:56.06,9:50.79,,,,,,,
Luca Räss,,,,,,9:43.13,,,,,,,,,
Marc Gigon,,,,,,,,,,10:56.74,10:34.40,10:39.36,10:51.47,10:11.00,9:37.60
Beat Kurmann,9:50.71,,,,,,,,,,,,,,
Bastien Flückiger,,,,,,,,,,,10:25.43,,,,
Martin Kilgus,,,,,,,,10:37.79,,,,,,,
Lukas Ryffel,11:11.16,10:28.93,,,,,,,,,,,,,
Ben Dütschler,,,13:26.24,,,,,,,,,,,,
Martin Bachmann,,,,,,13:21.08,,,,,,,,,
Jérémy Schouwey,,,,,,,,,,,,,,,8:48.59
Ivo Gête,,,,10:34.01,,,,,,,,,,,
Nathaniel Kleiner,,9:20.53,,,8:45.87,8:53.14,,,,,,,,,
Bruno Burri,,,,,10:12.39,,,,,,,,,,
Alexandre Waibel,,11:57.28,11:21.94,,,,,,,,,,,,
David Perriard,,,,11:05.49,,,,,,,,,,,
Cédric Bosshard,10:54.45,,,,,,,,,,,,,,
Marco Raith,10:50.92,,,,,,,,,,,,,,
Pierre-J. Gex-Collet,14:06.48,,,,,,,,,,,,,,
Christian Murer,9:31.73,,,,,,10:35.12,,,,,,,,
Habtom Amaniel,,,,,,,,,,,,,,,8:25.32
Marc Bareth,,,,,8:58.19,,,,,,,,,,
Lukas Oehen,,,,,,,,,,8:41.42,,,,,
Bruno Zimmermann,,,,,,,,,,,11:12.03,,,,
Jonas Kuratli,,,9:06.80,9:03.65,8:42.68,8:41.52,8:44.22,8:37.93,,9:50.60,,,,,
Simon Wiedmer,,,,,,,,,,10:32.15,,,,,
Dominik Fischer,,,,10:47.36,,10:03.25,9:57.11,9:40.65,10:05.26,10:55.15,,,,,
Max Studer,,,,,,,9:16.77,8:52.91,,,,8:33.45,8:21.64,8:18.06,
Thomas Favre,,,,,,,,,,,,,11:04.24,,
Thomas Schulze,,,13:20.32,14:37.16,,,,,,,,,,,
Christoph Menzi,,,,,8:59.16,,,,,,,,,,
Manuel Dal Ben,,,,,,,,,,,,,,,8:55.97
Nathan Wanner,,,,,,,12:16.80,,10:16.21,,,,,,
Jari Piller,9:26.42,9:09.76,8:51.28,,8:42.87,,,8:56.90,,,9:09.93,,,8:53.94,
Yanick Moser,10:12.18,9:53.50,9:54.75,,,,,,,,,,,,
Hannes Elmer,9:11.06,9:28.87,9:20.28,,,,,,,,,,,,
Gian Rieder,,,,,,,,,,,,,,10:24.12,
Lauri Takacsi-Nagy,,,,9:43.31,9:22.03,,,,,,,,,,
Xavier Müller,,,,,,,,,,,,12:11.28,,,
Luca Brütsch,,,10:08.76,10:13.14A,,,,,,,,,,,
Matthias Schöpfer,,,9:42.63,,,,,,,8:35.39,,,8:56.32,,
Jann Tscharner,8:49.24,,,,,,,,,,,,,,
Jonas Jörns,,,,,,,,,,,,,11:04.28,10:37.87,
Ismail Abdirisak,,,,,,,,,,,,,9:20.00,,
Fabien Flageolet,,,11:46.84,12:44.98,,,,,,,,,,,
Patrick Rohr,,10:57.08,10:00.80,,,,,8:34.70,,,,,,9:08.84,
Boumediene Medjahed,,,,,,,,,,8:58.33,,,,,
Guillaume Kapeller,,,,,,,,,,,,,11:37.47,,
Christophe Chabard,,,,,,8:58.63,,,,,,,,,
Basil Näscher,,,,,,,,10:27.23,,,,,,,
Lukas Nielen,,,10:30.40,,,9:42.55,9:19.60,,,,,,,,
Paul Maurer,,,,,,,,,,,,,,,9:42.26
Eric Stirnemann,10:12.57,,,,,,9:31.71,9:38.97,9:45.78,,,9:47.99,9:46.68,9:51.73,
Thomas Giblin,,,,,,,,,,,,,,,10:09.81
Enzo Todeschini,,,,,,,,,,,,,9:58.57,,
Silvio Barandun,,,,,,,,,,,10:17.44,10:28.41,,,
Dominik Meier,8:21.15,,,,,,,,,,,,,,
Maxime Bouvier,,,,,,,,,,,,9:54.85,,,
Jan Köstinger,10:29.74,,,,,,,,,,,,,,
Nicolas Roditscheff,9:14.05,9:26.78,,,9:01.14,8:54.96,,8:44.07,8:50.71,,,,,,
Markus Gerber,,,,,,,,,,10:20.44,,,,,
Michael Geissbühler,,8:56.12,,,,,,,,,,,,,
Simon Wüthrich,,10:17.63,,,,,,,,,,,,,
Mauro Cappellari,,,,,,,,11:25.35,,,,,,,
Emanuele Neve,,,,,,,,,,9:26.75,9:28.98,,,,
Matthias Barth,,9:56.54,,,,,,,,,,,,,
Nicolas Salvadé,,,,,,10:55.70,,,,,,,,,
Ivan Pongelli,,8:52.79,,8:50.40m,8:30.53,8:28.27,8:25.52,,8:58.06,,,,,,
Marco Leuenberger,,10:52.81,,,,,,,,,,,,,
Yann Stettler,,,,,,,,,,,9:47.66,9:37.24,,,
Gabriel Willauer,9:56.14,,,,,,,,,,,,,,
Jessy Kullmann,,,,,,,,,,11:52.42,10:52.34,,,,
Jos Froidevaux,,,,14:37.16,,,,,,,,,,,
Michael Köpfli,,8:56.70,,,,,,,,,,,,,
Emilio Graf,,,,,,12:13.45,11:40.76,,,,,,,,
Emile Durussel,,,,,,,,,,,,,,9:05.96,
Noah Torrent,,,,,,,,,,,,,,10:00.50,
Marc-André Biner,9:33.05,9:29.94,,9:19.02,,,,,,,,,,,
Maximilien Drion,,,,,,,,9:52.94,,,,,,,
Benoit Wenger,,,,,,,,,,,,,,10:06.10,9:13.67
Benedikt Bünz,,,,,,8:52.53,8:25.91,8:27.62,,,,,,,
Fabio Krampf,,,,,,,,,,,,11:38.84,,,
Severin Müller,,,,,,,,9:56.44,10:02.52,9:37.09,,,10:12.42,,
Netserab Mesfun,,,,,,,,,,,8:53.81,,,9:06.19,
Timo Heiniger,,,,,,,10:04.10,,9:44.26,9:29.31,,,,,
Cyrill Zürcher,,,,,,,,,,,,,,9:23.33,8:51.68
René Hauser,,,,9:31.80,,,,,,,,,,,
Michael Curti,,10:53.22,9:53.83,,9:04.77,9:21.13,,,,,,9:09.06,,8:44.59,
Alex Verdone,,,,,,,,,10:26.51,9:38.70,,,,,
Johan Böni,,,,,,,9:52.46,,,,,,,,
Raphaël Virgolin,,,,,13:46.50,,,,,,,,,,
Fabian Ziehli,,,,,,,,9:47.57,,,,,,,
Aritz Lizoain,,,,,,,,,,,,,,8:59.95,
Fabian Ambühl,,,,,,,,,,,11:12.33,,,,
Sidney Tschopp,11:02.01,,,,,,,,,,,,,,
Luca Studer,,,,,,,,,,,13:00.32,,,,
Norbert Hegner,,9:16.98,,,,,,,,,,,,,
Johannes Burkard,10:00.73,9:52.70,9:55.33,,,,,,,,,,,,
Julien Stalhandske,,,,,,,,,,,9:39.33,,8:38.85,8:31.83,
Prasanth Iyakone,,10:49.23,11:27.29,,,,,,,,,,,,
Matthias Faivre,,,,,,,,9:18.15,9:39.00,9:14.66,,,,,
Christoph Zeitz,,9:37.21,,,,,,,,,,,,,
Robin Bussard,,,,,,,,,,,,,9:18.06,,
Andri Struzina,,,,,,,,9:52.41,,,,,,,
Leonardo Nannini,,,,,10:45.12,,,,,,,,,,
Ruedi Müller,9:37.69,,,,,,,,,,,,,,
Frédéric Waeber,,,,,,10:21.44,,,,,,,,,
Bastien Testaz,,,,,,,,,,,,,,11:05.76,
Lukas Hegner,,9:23.60,,,,,,,,,,,,,
Benjamin Fleury,,,9:26.96,9:29.92,9:43.87,9:21.52,,10:04.77,,,,,,,
Niklas Konrad,,,,,,,,,,,10:20.64,,,,
Andreas Meyer,,,,,8:51.77,,,8:37.02,8:44.56,,9:18.58,,,,
Severin Schöb,,10:01.71,9:37.97,9:48.32,9:35.31,,,,,,,,,,
Jens Urfer,,,,,,,,9:33.57,,,,,,,
Séverin Gerber,,,,,,10:47.32,11:14.42,,,,,,,,
Emmanuel Lattion,,9:20.45,8:57.58,8:45.34,,8:50.90,8:41.78,8:38.42,10:23.14,,10:28.73,,,,
Kay Meyer,,,,,,,,,,,,11:23.16,,,
Kevin Meier,9:57.70,9:44.30,,,,,,,,,,,,,
Merhavi Asmelash,,,,,,,,,8:40.94,,,,,,
Wondimu Bussy,,,,,,9:35.41,,,,,,,,,
Fridolin Riegg,9:52.94,9:58.44,,,,,,,,,,,,,
Lukas Hügli,,,,,,,,,,,,,11:00.97,10:12.15,9:56.89
Cyril Fort,,,,,10:52.91,,,,,,,,,,
Simon Rohrbach,,9:33.84,9:09.67,8:50.80,8:44.95,9:09.79,,,,,,,,,
Jonas Allemann,9:28.54,9:21.07,9:29.93,,,,,,,,,,,,
Kaspar Grünig,,,,,,9:51.01,,,,,,,,,
Erich Oberholzer,10:27.91,,,,,,,,,,,,,,
Adrian Karrer,8:41.92,,,9:25.08,,,,,,,,,,,
Alexandre Vouilloz,,,10:57.78,,9:28.53,9:18.62,,,,,,,,,
Laurent Schaller,9:20.95,9:03.53,9:07.28,9:00.33,,,,,8:49.05,8:45.49,8:53.60,9:11.67,,8:50.97,
Thomas Dugré,,,,,,,,,,,,,9:37.22,9:25.66,8:57.86
Diego Graf,,,,,,9:34.19,,,,,,,,,
Stefan Suler,10:25.84,,,,,,,,,,,,,,
Adrien Grangier,,,,,,,,,11:15.14,,,,,,
Silas Schmid,,,,,,,,9:12.88,9:16.62,,,,,,
Raffaele Tassone,11:47.05,,,,,,,,,,,,,,
Dáire Bermingham,,,,,,,,,,8:17.52,,,,,
Patrick Meier,9:02.58,9:18.43,9:06.18,,,9:04.42,,,,,,,,,
Werner Pachinger,,10:02.82,10:33.94,,,,,,,,,,,,
Fabian Kreienbühl,,9:37.71,9:26.93,9:25.85,,,,,,,9:04.83,9:10.32,,,
Tommaso Cometta,11:01.25,10:12.80,,,,,,,,,,,,,
Morris Deiss,,,,,,,,,,,,,,,9:32.28
Kevin Niederberger,11:37.36,,,,,,,,,,,,,,
Reto Ramseier,,,9:43.57,9:27.71,,,9:14.14,9:22.84,,,,,,8:36.49,
Casimir Herold,,,,,,,,,,,,11:35.02,,,
Florian Renevey,,,,,,10:38.28,,,,,,,,,
Stéphane Heiniger,,9:22.62,,,8:47.78,,,,8:59.89,,,,,,
Jonas Gafner,,,,10:00.95,,,,,,,,,,,
Michel Brügger,8:24.42,,8:44.10,8:20.72,8:21.78,8:24.77,8:32.24,,,,,,,,
Tobia Pezzati,,,,,,,,9:39.85,,,,,,,
Nico Hegmann,,,,,,,,,,,,10:42.68,,9:03.95,8:44.66
Fabian Büchler,,12:06.43,,11:34.36A,,,,,,,,,,,
Stéphane Joly,8:22.63,,,,,,,,,,,,,,
Marc Rotzetter,,,,,,,,,,,9:50.49,9:31.51,9:37.55,,
Baptiste Fort,,11:24.02,10:48.29,,10:51.24,,,,,,,,,,
Sven Krattinger,,,,,,,,,,,10:38.71,,,,
Etienne Ménétrey,,9:37.45,,,,,,,,,,,,,
Jakob Strähl,,,,,,10:34.77,,,,,,,,,
Laurent Schenkel,,,10:58.79,,9:57.56,9:44.13,9:27.68,8:52.28,8:55.09,,,,,,
Benjamin Schärli,,,,,,,,,9:31.86,,,,,,
Aron Schneider,,,10:57.81,,,,,,,,,,,,
Damien Birchmeier,,,,,,,,,,,,,,,9:18.54
Georg Schärer,,,,,,,,,,,9:58.66,,,,
Lukas Stucki,,9:33.80,9:52.33,,,,,,,,,,,,
Adrian Marti,8:59.10,,,,,,9:08.10,,,,,,,,
Kevin Meierhofer,9:51.72,9:28.16,9:31.84,,,,,,,,,,,,
Cyrill Arnet,,,11:01.83,,,,,,,,,,,,
Brendan Parlange,,11:24.36,,,,,,,,,,,,,
Thomas Huwiler,9:31.14,,8:53.87,,8:38.43,8:50.77,8:38.97,,,8:38.07,,9:04.22,,,
Marcel Tschopp,,,,,,,,,,,,9:13.80,,,
Angus Fölmli,,,,,,,,,,,,,,,8:22.58
Andreas Kempf,9:05.81,8:51.89,,,8:33.88,8:25.75,8:24.41,8:13.13,8:22.18,8:16.26,,,8:31.84,,
Reto Ziegler,,10:19.00,,,,,,,,,,,,,
Christoph Bühlmann,,,,,,,,9:31.87,,,,,,,
Abraham Eshak,,,,9:20.67,8:37.97,8:31.78,,,8:34.88,8:34.63,,,,,
Philipp Bandi,8:17.30,7:54.30,8:02.23,8:03.89,8:03.47,8:12.96,8:05.12,,,,,,,,
Damien Colas,,,,,,,,,,,,,9:12.54,9:14.70,
Bryan Corbaz,,,,,,,9:45.69,,,,,,,,
Patrick Schwarb,,,,,,,,,,10:58.42,,,,,
Simon Waldis,8:50.54,9:12.70,,,,,,,,,,,,,
Rodolphe Normand,12:46.51,,,,,,,,,,,,,,
Nicolas Garnier,,,,10:22.04,,,,,,,,,,,
David Florian Kummer,,,,,,,,,,,,,,10:09.16,
Léo Lädermann,,,,,,,,,,,,9:40.78,9:35.70,,8:40.05
Luca Foglia,,,,,9:59.08,,,,,,,,,,
Daniel Lustenberger,,,,,,,,,8:55.19,,,,,,
Cyrill Fricker,,,,,,,,,,,,,9:33.80,9:36.11,
Luca Simpson,,,,,,,,,,,,,9:33.75,,
Michael Hebeisen,9:42.39,,,,,,,,,,,,,,
Rolf Fölmli,,,,,,,,11:24.10,,,,,,,
Marcel Büchi,,,,,11:48.23,,,,,,,,,,
Corsin Boos,,,,,,,,,,,,,,10:20.00,
Blaise Keller,,,10:30.26,,,,,,,,,,,,
Cyrill Rüttimann,,,,,,,,,,,,,10:11.91,9:33.24,
Nico Guolo,,,,,,,,10:53.77,,,,,,,
Marc Lenhard,,,,,,,,,,,,,,,13:40.49
Reto Simeon,,,,,,,,,,,,13:03.20,,,
Matthäus Tschirky,,9:54.98,9:37.44,,,,,,,,,,,,
Jean-Pierre Ané,,,,,,,,,,,,,,9:12.12,
Roman Larentis,,10:14.54,10:16.66,,10:20.60,,,,,,,,,,
Joël Caloz,,,,,,,,,,,,,,,9:04.80
Robin Bareth,,9:34.74,9:25.06,,8:55.85,,8:49.05,9:01.88,,,,,,,
Beat Germann,,,,,,,,,10:15.83,11:05.25,,,,,
Janik Niederhauser,9:45.48,9:28.00,9:06.21,9:01.01,8:54.43,,9:01.85,8:49.46,8:42.86,,,,,,
Silvan Aeschlimann,,,,,,,,,9:36.59,,,,,,
Christoph Sommer,8:59.62,9:17.50,,8:58.49,,9:16.96,9:25.34,,,,,,,,
Patrick Gabioud,,10:41.14,,,,,,,,,,,,,
Patrik Wägeli,,,,9:25.30,,9:12.16,,8:45.19,8:43.73,8:41.65,8:25.91,8:44.94,8:38.22,8:31.04,8:24.58
Laurent Nendaz,9:33.94,,,,,,,,,,,,,,
Tobias Bösch,12:25.88,,,,,,,,,,,,,,
Kye Murrell,,,,,,12:23.15,,,,,,,,,
Romario Gassmann,9:22.70,,,,,,,,,,,,,,
Tim Köhli,,,,10:57.09,,,,,,,,,,,
Andy Schneider,11:37.35,,,,,,,,,,,,,,
Rafael Zimmermann,,,,,,,,10:18.09,,,,,,,
Leon Berthold,,,,,,,,,,,,10:01.53,9:37.51,,
Kevin Breitenberger,9:42.84,,,,9:04.97,,,,,,,,,,
Olivier Genolet,,,14:32.09,,,,,,,,,,,,
Jan Brecelj,10:04.62,9:39.48,9:22.59,,,,,,,,,,,,
Nicola Hagger,,,,,,,,,,9:43.12,9:16.35,9:03.33,9:02.48,9:08.34,8:59.95
Igor Meroni,,10:05.80,,,,,,,,,,,,,
David Bergmann,,,,,,,,,,,,,,10:08.81,
Sven Püntener,,,,,,10:11.09,9:57.77,10:41.41,9:26.60,,,,,,
Stephen Staehli,8:28.16,,8:54.64,8:24.52,8:35.35,,,,,,,,,,
Raphael Frei,,9:46.94,,8:59.68,,,,,,,,,,,
Markus Dasen,,,,,,,,,,,10:31.38,,,,
Pascal Obrecht,9:57.55,,,,,,,,,,,,,,
Marco Kern,,,,8:27.92,8:21.67,8:11.38,,,8:20.85,8:26.27,,8:48.29,8:38.33,8:31.19,8:33.92
Jean-Marc Faibella,,,11:51.92,,,,,,,,,,,,
Reto Lanz,,,,,,,,,,10:09.67,,,,,
Ilias Hernandez,,,,,,,,,,,8:30.76,,8:28.51,8:25.79,8:29.74
David Valtério,,8:53.84,,,,,,,,,,,,,
Matthias Vogelsang,10:13.73,,,,,,,,,,,,,,
Fabrice Mettler,,,,,,,,,,,,9:54.05,,,
Geoffroy Brändlin,,,,,,,,,,10:28.72,9:48.26,10:15.72,10:17.10,,
Aarno Liebl,,,,,,,,,,,,,,9:27.63,
Robin Patriarca,,,,,,,10:17.65,,,,,,,,
Severin Mauerhofer,,,,,,,,11:51.25,10:43.06,10:55.86,,,,,
Roman Vögeli,,,,,,,9:38.89,9:17.05,,9:23.52,9:06.31,9:12.10,8:58.46,9:14.73,9:26.87
Fabian Downs,,,,,,,,8:36.11,8:27.04,8:21.11,8:40.84,8:40.34,,8:36.04,
Milos Sismanovic,,,,,,,,,,,,,11:04.46,,
Rudolf Siegmund,,,,,,,,,,,10:56.97,11:11.72,,,
Frédéric Schenker,,12:13.49,,,,,,,,,,,,,
Erwin Inglin,,,,,,9:20.46,,,,8:46.75,,,,,
Quentin Roubaty,,,,,,,,,,,,,,,9:45.46
Claudio Schmidtke,,,,,,,,9:54.24,,,9:27.04,,9:23.56,9:45.95,9:16.88
Olivier Widmer,,,,,9:18.44,8:57.29,8:52.69,8:42.54,8:52.00,9:13.71,,,,,
Roman Hunziker,,,10:16.73,,9:36.66,9:54.96,9:34.72,10:36.02,,,,,,,
Donat Vetsch,,,,10:40.03,,,,,,,,,,,
Theo Maechler,,,,,,,,,,,,,,,9:26.95
Loris Hutterli,,8:41.75,,8:36.07,,,,,,,,,,,
Christoph Burger,,,,,,,,,,,,,,,10:44.59
Yann Renaud,,,,,,10:16.37,,10:22.11,,,,,,,
Daniel Saguer,,9:42.24,9:15.99,,,,,,,,,,,,
Samuel Häller,,,,,10:01.82,,,,,,,,,,
Romain Gabioud,,,,,,,,12:19.00,,,,10:03.53,9:44.24,9:47.72,
Gabriel Lombriser,8:45.95,,,,8:39.46,9:07.44,,,,,,,,,
Fabian Haldner,11:16.74,10:33.12,,,,,,,,,,,,,
Dylan Ritzmann,,,,,,,,,,,,,,10:26.07,9:26.36
Matthias Schoenenberger,,,,,,,,,,,,,9:36.69,,
Colin Maneff,,,,,,,,,,,,,9:07.45,8:49.81,
Simon Nachbur,,,10:54.49,10:24.62,10:23.54,,,,,,,,,,
Michel Zengaffinen,,,12:26.99,,,,,,,,,,,,
Sandro Jöri,,,,9:50.02,,9:43.23,9:33.74,,,10:25.43,,,,,
Michael Plüss,8:57.50,,,,,,,,,,,,,,
Yannick Jäger,,,9:14.11,8:54.28,,,8:38.70,,,9:13.93,,,,,
Yves Cornillie,,,,,,,,,10:15.18,9:29.63,9:13.89,9:15.46,9:01.25,,
Yann Jean-Mairet,,,,,11:22.20,,,,,,,,,,
Tobias Hockenjos,,,10:58.42,,,,,,,,,,,,
Robin Oberholzer,,,,,,,,,,,,,9:52.09,9:42.98,
Raphael Kunz,,,,,,,,9:57.34,,,,9:13.21,9:04.45,,
Yannick Jeanmaire,,,,,,,,,,,9:00.84,,,,
Adrian Caaveiro,9:32.98,9:17.39,,9:29.95,9:49.49,9:15.17,,,,,,,,,
Francisco Taboada,,,,,,,,,,,,,,11:27.45,
Gabriele Bianchi,,,,,10:55.39,10:58.86,,,,,11:13.53,11:10.56,,,
Maximilian Krauer,,,,,,,,10:13.48,10:05.82,,,,,,
Mathias Kunz,9:00.97,9:30.30,9:14.61,,10:21.32,,,,,,,,,,
Lucca Blum,,,,,,,,,9:58.96,,,,,,
André Hofmann,,,,,11:54.32,,,,,,,,,,
Silvan Bitterli,,10:49.61,10:46.79,,,,,,,,,,,,
Isaak Hartmann,,,,,,,,,,,,10:54.07,,,
Marcel Schelbert,,9:57.27,9:31.88,9:29.10,,,9:18.46,9:19.82,,,,,,,
Sandro Anderes,,,,,,,,,,,,,,,9:22.05
Arnaud De Boni,,,,,,11:21.17,,,,,,,,,
Samuel Hanimann,9:28.36,10:04.97,,,,,,,,,,,,,
Timm Schindler,,11:25.30,,,,,,,,,,,,,
Tesfay Misgun,,,,,,,,,,,,9:53.28,,9:52.06,
Edmond Demoulin,,,,,,,,,,,,,,9:26.75,
Silvan Lang,,,,,,,,,,9:55.32,,,9:18.69,,
Simon Bill,,,,,9:17.68,,,,,,,,,,
Simon Andreas Wüthrich,,,,,,,10:26.44,10:15.11,10:14.37,,,,,,
Eric Jakober,,,,,,,,,,,,,,,8:58.71
Michael Sommer,,11:37.33,,,,,,,,,,,,,
Daniel Vögeli,8:24.50,8:14.08,8:05.67,,,,,,,,,,,,
Erwin Pollmann,,13:56.87,,,,,,,,,,,,,
Ali Hakimi,,8:37.10,8:35.33,,8:59.89,,,,,,,,,,
Timon Nick,,,,9:54.08,,,,,,,,,,,
Ramon Kuhn,,,12:38.41,,,,,,,,,,,,
Urs Hans,,,,10:56.42,,,,,,,,,,,
Jean Jornot,,,,,,,,,,,,,,10:15.09,
Victor Gionchetta,,,,9:28.44,10:07.49,,,,,,,,,,
Jonas Thürig,,,,,,,,,8:56.66,,,,,,
Gabriel Patzi,,,,,,,,,,,,,9:28.37,,
Silvio Bartucca,,,,,,,,,,,,,11:36.95,11:07.20,
Kilian Schmucki,,,,,,,11:16.81,,,,,,,,
Matthias Bieri,8:52.27,9:05.46,8:48.87,8:37.43,8:46.42,8:59.14,,,,,,,,,
Dimitri Giani,,10:47.71,,,,,,,,,,,,,
Abdirahman Ciise Nur,,,,,,,,9:19.26,8:49.26,,,,,,
Benoit Pecoud,,,,,,,11:52.49,,,,,,,,
Guido Biondo,,9:46.97,9:21.28,9:11.69,,,,,,,,,,,
Julien Roh,,,10:56.19,,10:31.38,,,,,,,,,,
Marius Keller,,,,,,,,,,,,,,9:24.59,9:36.34
Florian Zogg,,,,,,,,,,,,9:48.23,9:46.02,,
Tim Nielen,,10:36.07,10:44.18,,,,,,,,,,,,
Alain Balleret,,,,,,,,8:43.35,,,,,,,
Jérémy Charmillot,,,,,,,10:18.78,11:47.42,,,,,,,
Felix Studer,,,,,,,,,,,,,8:56.26,,
Julian Sackmann,,,,,,,,,,10:28.19,9:59.64,,,,
Benedikt Willauer,,10:33.18,10:33.86,,,10:03.81,,9:46.88,9:31.23,,,,,,
Abel Isak,,,,,,,,,,,,,9:59.62,9:16.62,
David Rüedlinger,9:28.03,,,,,,,,,,,,,,
Michael Notter,,11:12.02,,,,,,,,,,,,,
Mohammed Boulama,,,,,,,,,,8:15.32,,8:37.00,8:41.99,8:47.92,
Fabrice Honegger,,9:59.26,,,,,,,,,,,,,
Aron Gebrezgabiher,,,,,,,,,,,,,,9:53.40,
Sebastian Fischer,,,,10:52.76,10:16.01,,,,9:30.83,,,,,,
Patrick Boegli,,,,,,,,,,,,,,13:13.63,
Sebastian Barth,11:25.30,,,,,,,,,,,,,,
Beat Eugster,9:22.52,,,,,,,,,,,,,,
Smon Ghebretsion,,,,,,,,,,,10:01.03,9:11.50m,9:31.74,,
Maxime Grivel,9:58.10,9:19.87,9:23.08,,,,,,,,,,,,
Yohan Müller,,,,,,,,,12:38.59,11:11.29,10:37.06,,,,
Nico Näf,,,,,,,,,,,,,,9:28.97,
Laurent Haller,,,,,,,,,,,,9:53.22,9:32.62,9:26.62,
Ermias Mehreteab,,,8:55.65,,,,,,,,,,,,
Matthias Keller,,,10:08.87,,,,,,,,,,,,
Laurent D'Andrès,,9:50.05,,,,,,,,,,,,,
Nathan Bender,11:44.09,11:41.05,,,,,,,,,,,,,
Reto Schürch,10:25.23,10:17.54,9:49.55,,,,,,,,,,,,
George Gribben,,,,,,,,,,,,,9:44.09,9:45.59,
Silvan Huwiler,11:14.70,10:12.27,,,,,,,,,,,,,
Christian Bärtsch,,,10:16.50,,,,,,,,,,,,
Mathieu Carroz,,,,,,,,,11:46.43,,11:48.52,,,,
Miguel Allueva,,,,,,,,,8:29.84,,8:47.27,8:54.96,8:49.93,,
Luca Noti,,,10:43.08,,,,,,8:35.15,8:38.35,8:27.37,8:05.32,8:13.75,8:14.22,
Cedric Bösch,,11:53.20,12:18.56,,,,,,,,,,,,
Samir Vetterli,,10:37.16,,,,,,,,,,,,,
Kurt Schwegler,9:08.59,,,,,,,,,,,,,,
Robin Yates,10:38.59,,,,,,,,,,,,,,
Davide Vassalli,,,,,,10:06.46,,,11:08.25,,,,,,
Yves Klaus,,10:02.18,,,,,,,,,,,,,
Marco Jenni,,,,,,,,,10:44.04,,,10:44.76,,,
Philipp Widmer,10:16.46,,,,,,,,,,,,,,
Christian Hohl,,,,,,8:55.63,,9:04.70,8:56.02,8:58.00,,,,,
Laurent Rapillard,,,9:32.80,10:01.21,11:29.75,,,,,,,,,,
Livio Lorenz,,10:31.50,,,,,,,,,,,,,
Jérémie Fleury,,,,,,,,,9:48.73,10:01.29,9:33.33,,9:06.27,,8:52.77
Noé Pollheimer,,,,,,,,,,12:36.75,,,,,
Michaël Vernier,,9:46.74,9:17.70m,,,,,,,,,,,,
Joey Hadorn,,,,,,,,,,,,,,,8:21.97
Mario Hottiger,10:38.44,,,,,,,,,,,,,,
Mike Springmann,,,,,,,10:13.24,,10:01.79,,,,,,
Dave Derigo,,,,,,,,,,,,9:08.06,8:57.42,8:50.70,
Armin Flückiger,,,10:34.03,,9:30.90,9:26.93,9:09.56,9:04.56,8:59.98,8:51.71,,,,,8:37.42
Arnaud Gilliéron,,,,,,,,,,,,,9:36.01,,
Marco Wyss,,,,,,,,11:29.64,11:10.12,,,,,,
Andrea Brenzikofer,,,,,,,,,,,,9:41.75,9:19.79,,
Nick Gebert,,,,,,,,,,,,,8:58.62,8:46.66,
Michael Kurth,,,10:27.11,,,,,,,,,,,,
Tolossa Chengere,,8:33.63,7:52.28,8:11.80,8:25.49,8:39.22,8:18.74,,,,,,,,
Rolf Rüfenacht,8:19.36,,8:32.76,8:27.47,,,8:28.84,,,,,,,,
Markus Kaufmann,9:36.34,,,,,,,,,,,,,,
Jan Aregger,,,,,,9:46.51,10:08.07,,,,,,,,
Lukas Geissbühler,9:38.22,9:25.09,,,,,,,,,,,,,
Sven Riederer,,,,8:26.43,,,,,,,,,,,
Tobias Ramseyer,,,,,,,,,,,10:15.81,10:12.33,,,
Dario Spielmann,,,,,,,,,,,,,10:01.80,,
Janick Amrein,,,,,,,,,,,,,,,11:09.17
Tom Secheyron,,,,,,,,,,,,,9:20.74,9:27.55,
Maurice Christen,,,,,,,,,,,9:12.58,9:04.54,9:13.64,8:46.14,
Binyam Furui,,,,,,,,,,9:09.77,8:57.70,8:42.08,8:49.14,8:54.37,
Dominik Pohl,,,11:25.24,,,,,,,,,,,,
Lucas Frauenlob,,,,,,,,,,,,9:47.14,9:40.48,,
Amir Jamoussi,,,,,,,,,,,,,10:45.88,,
Thomas Gmür,,,,,,9:18.09,,8:38.54,8:54.11,,,,8:26.70,8:20.71,
Sylvain Fridelance,,,11:44.91,,,,,,,,,,,,
Noah Hurschler,,,,,,,,,,,,,,,9:26.28
Thomas Sauser,,,,,11:55.30,,,,,,,,,,
Alexis Giraudineau,,,,,,,,,,,,,,,8:56.32
Piero Lorenzini,,,,,,,,,,,9:19.03,9:26.85,,,
Philipp Berger,,,8:56.37,,,,,,,,,,,,
Michael Amacker,,11:42.58,10:43.24,,,,,,,,,,,,
Gian-Andrea Antener,,,,,,,,,,,,,,9:52.69,
Thomas Bättig,,,,11:23.10,,,,,,,,,,,
Paul Hügli,8:48.71,,,,,8:55.77,,,,,,,,,
Philipp Weber,9:49.90,9:40.06,9:15.16,9:19.57,,9:13.48,,,,9:01.91,,,,,
Mathias Gasser,9:18.57,9:14.71,9:20.63,,,,,,,,,,,,
Fedi Jemli,,9:26.71,,,,,,,,,,,,,
Lennart Horn,,,,,,,,,,,,,,9:27.38,
Dominic Ryser,,9:43.60,,,,,,,,,,,,,
Mattia Valentini,,,10:04.72,,,,,,,,,,,,
José Manuel Perino,,,,,,,9:50.09,,9:06.40,,,,,,
Thomas Willemin,,11:03.87,11:17.70m,,,,,,,,,,,,
Florian Kleger,11:47.50,,,,,,,,,,,,,,
Seare Weldezghi,,,,,,,,,,,,,,9:27.07,8:56.91
Nils Hinden,,,,,,,,,,,,,9:55.44,10:05.11,
Valentin Gafner,,,,,10:06.44,,,,,,,,,,
Abdulmenan Ahmed,,,,,,,,,,,,9:53.26,,,
Dawit Estifanos,,,,,,,,,,,,9:38.51,9:46.90,,
Jan-Niklas Kreppke,,10:23.00,,,,,,,,,,,,,
Jonas Klemperer,,,,,,,,10:51.95,,,,,,,
Bruno Metral,,10:42.90,10:02.77,9:46.00,9:42.58,,,,,,,,,,
Hermon Asgedom,,,,,,,,,,,,,,9:04.73,9:18.25
Jonas Schaub,,,,,,,,,,,,,,,9:22.27
Joël Morgenthaler,,,,,,,,,,,,,,9:19.90,9:17.72
Luca Barras,,,,,,,10:09.87,9:44.69,,,,,,,
Andreas Dubach,,,,,,11:08.55,,,,,,,,,
Christian Ackeret,,9:19.99,9:19.04,9:24.68,9:07.29,8:55.90,8:45.94,8:39.22,,,9:21.44,,9:33.16,,
Antoine Grandjean,,,,,,,,9:14.14,9:10.28,,,,,,
David Keller,,,,,,,,,,,,9:12.26,,,9:04.56
Marco Meeuwse,,,,,,,,,,9:24.65,9:18.02,9:48.61,,,
Danilo Doninelli,,,,,,,9:45.60,9:51.54,,,,,,,
Carlos Pinto,,,,,,,,,,,,,,10:07.56,
Bjarne Kölle,,,,,,,10:13.67,,10:06.35,9:23.99,9:01.57,8:54.65,8:42.09,8:41.66,8:37.00m
Patrick Kramis,,,,11:03.23,,,,,,,,,,,
Samuel Küng,,,,10:49.32,10:19.56,,9:52.63,,,,9:49.64,9:31.14,,,
Christoph Rathgeb,9:05.93,9:08.31,,,8:42.56,,,,,,,,,,
Jonas Günter,,,,,,,,,10:50.25,,9:56.06,,,,
Maël Bohren,,,,,,,,8:38.64,,,,,,,
Elias Jordan,,,,,,,11:41.94,,,,,,10:10.32,,
Fabian Schärli,,,,,,,,11:18.94,11:01.72,,,,,,
Maximilian Ehrenzeller,,,10:46.10,,,,,,,,,,,,
Jean-Pierre Theytaz,,8:59.74,8:58.50,9:28.27,9:26.59,9:20.16,9:04.75,9:07.24,8:52.46,8:56.77,8:53.62,9:15.32,9:50.74,9:14.73,9:09.62
Maic Zollinger,,,,,,,,,13:45.98,,,,,,
David Rohrbach,,,,,10:06.04,9:41.81,9:35.94,9:24.22,9:34.01,9:42.87,9:53.50,9:52.73,9:19.98,9:27.16,9:19.60
David Dinort,,11:50.26,,,,,,,,,,,,,
Estefanus Hailemichael,,,,,,,9:04.74,8:57.11,8:44.64,8:36.31,,8:53.79,,,
Giacomo Rossi,,,,,,,,,,,,,,,8:58.02
Charlie Hofmann,,,,,,,,,,,,9:25.40,,9:03.00,9:02.08
Alexandre Jodidio,,,9:42.41,,8:58.78,8:56.49,8:38.03,9:06.75,8:45.40,,,,,,8:27.97
Gabriel Egg,10:12.33,10:20.59,10:11.69,,,,,,,,,,,,
Elia Pagani,,10:33.60,,,,,,,,,,,,,
Fabian Nussbaumer,,,,,,,,,9:35.29,9:22.67,9:04.00,8:58.35,9:31.99,,8:43.46
Roger Riegendinger,,9:11.27,,,9:02.37,,,9:17.57,9:22.33,,,,,,
Nick Eggerschwiler,,10:39.17,10:18.55,,,10:15.19,,,,,,,,,
Michael Stöckli,,,10:29.49,10:04.21,,,,,,,,,,,
Abraham Habtemikael,,,,,,,,,,,,,,9:35.03,
Marco Senti,,,9:33.46,9:14.52,9:55.08,,,,,,,,,,
Adriano Engelhardt,,,10:14.02,9:10.52,8:49.53,8:38.14,8:19.79,8:12.62,8:15.25,8:34.82,8:32.37,,,,
Ricardo Schaniel,,,,,,,,,,,,,10:02.59,,9:17.93
Oqubit Berhane,,,,,,,8:29.69,,,,,,,,
Valentin Belz,8:47.04,8:57.34,8:59.60,,,,,,,,,,,,
Cyrill Kischel,,,,,,,,,,,,,12:05.95,,
Cyril Martin,,,,,,,,9:39.15,9:49.69,,10:17.65,10:01.06,,,
Leonida Stampanoni,,,,,,,,,9:47.15,,,,,,
Luca Corthésy,,,,,,,,,,,,9:46.82,,,
Martin Stoller,,,,,,9:59.87,,,,,,,,,
Joel Erne,,,,,12:15.08,11:38.89,11:33.50,,,,,,,,
Mirko Ratano,,,,,,,,,,,,,,,9:28.57
Pablo Garcia,,,,,,,8:48.16,8:53.58,,,,,,,
Stephan Weibel,,,,,10:15.33,,,,,,,,,,
Dario Breitenmoser,,,,,,,,,10:18.98,9:52.85,10:06.90,,,,
Florin Ayer,,,,,,,,,,,,9:36.31,9:55.36,,
Karim Lang,,,,,,,,10:02.41,,,,,,,
Tobias Kron,,,,,,,,,,,,,,,10:02.38
Florian Riedel,,10:39.27,,10:17.68,,,,,,,,,,,
Jemal Hamed,9:54.69,,,,,,,,,,,,,,
Milyon Layne Habtemariam,,,,,,10:17.81,9:38.22,9:17.45,,,,,,,
Christian Hutter,,10:43.68,10:13.40,,,,,,,,,,,,
Jonathan Lauber,,11:20.32,,,,,,,,,,,,,
Armin Stucki,,,10:12.22,10:04.31,,,,,,,,,,,
Melvin Marti,,,,,,,,,,,,,9:14.14,,
Marco Kubli,,,10:08.05,9:22.68,9:31.63,,,,,,,,,,
Jonas Schöpfer,,,,,,,8:56.50,,,,,,,,
Clint Perrett,,,,,8:04.06,8:18.20,,,,,,,,,
Christian Belz,8:06.92,,,8:04.87,8:16.23,,,,,,,,,,
Silvan Marfurt,9:08.88,9:25.53,,,8:55.95,8:50.02,8:52.77,,,,,,,,
Paul Waroquier,,,,,,,,8:53.65,,,8:56.51,,,,
Simon Hodler,9:16.53,,,,,,,,,,,,,,
Robin Danz,,,,,13:01.02,,,,,,,,,,
Christian Kuonen,11:39.42,,,,,,,,,,,,,,
Jan Stutz,9:54.07,,,,,,,,,,,,,,
Gian Marco Meier,,,8:59.17,,,,,,,,,,,,
Pierre-André Ramuz,13:27.16,9:35.98,,,,11:04.83,,,,,,,,,
Nino Steffen,,,,,,,,,,,,,10:17.57,,
Tobias Egli,,,,,,,,10:44.85,,,,,,,
Samuel Caillet-Bois,,,,,,,,9:52.54,,,,,,,
Christian Leu,,,,,,,,,,,,,,,9:42.92
Tekle Weldegebiel,,,,,,,,,,,,9:20.69,9:19.75,,
Patrick Würsten,,,,,,,,,,,,,10:26.23,,
Marco Keller,,,,,,,,,,,,9:56.81,,,
Fabian Kuster,,,,10:45.54A,,,,,,,,,,,
Ramon Hürlimann,,,,,,,,,,,,9:34.25,,,
Fabio Wider,,,,,,10:18.54,,,,,,,,,
Stefan Althaus,9:46.56,,,9:49.01,9:33.01,,,,,,,,,,
Jonathan Lugon,,,,,,,11:59.50,,,,,,,,
Franco Noti,,,10:27.37,10:05.44,9:44.16,,,8:35.41,,,,,,,
Lukas Hutter,,,,,,,11:15.79,11:09.47,,,,,,,
Landry Jaquet,,,10:34.86,,9:55.01,,,,,,10:40.21,,,,
Mathieu Bichsel,,,,,,,,,12:30.73,,,,9:58.93,9:41.45,
Nils Arni,,,,,,,,,,,10:12.41,9:41.58,9:49.35,,
Lorenz Meuli,,9:13.35,9:00.05,8:57.93,8:49.64,9:08.19,9:14.18,,,,,,,,
Dominik Lötscher,,,,9:25.37,10:06.68,8:54.42,8:56.35,8:50.23,8:56.32,,9:52.01,,,,
Sullivan Brunet,,,,,8:55.04,8:37.87,8:46.86,,,8:35.43,,8:26.82,8:30.75,8:39.86,
Oliver Steck,,,10:02.49,,,,,,,,,,,,
Adrian Walthert,,,,,,10:04.33,9:50.15,,,,,,,,
Balthasar Larisch,,,,,,,,,,,,,,,9:24.46
Dominik Bolten,9:33.04,,,,,,,,,,,,,,
Samuel Morf,,,9:07.28,,,,,8:42.49,,,,,,,
Benjamin Chapuis,11:14.10,,,,,,,,,,,,,,
Claudio Zihlmann,9:34.73,,,,,,,,,,,,,,
Giuseppe Gioia,,,,,,,,,,,,9:38.35,,,
Thibault Métraux,,,,,,,,,12:06.10,,,,,,
Patrick Nispel,8:46.70,8:43.58,8:36.86,,,8:42.84,,,,,,8:45.36,,,
Raphael Alliot,,10:21.59,,,,,,,,,,,,,
Roger Habegger,,10:14.25,,,,,,,,,,,,,
Jan Bruggmann,,,,,,,,,10:19.21,,9:39.29,10:11.88,,,
Manuel Walss,,,,,,,,,,,,,,,8:57.52
Célien Gigandet,,,,11:11.68,,,,,,,,,,,
Yannick Berthoud,10:24.34,9:53.78,,9:12.86,,,,,,,,,,,
Fabian Kuert,,,,,,,,8:50.72,8:40.06,8:29.02,8:25.68,8:26.47,8:41.50,8:36.16,
Andreas Bucher,,,10:06.72,,10:21.21,,,,,,,,,,
Tim Keller,,,,,,9:56.83,,,,,,,,,
Jonas Leuenberger,,,,,,,9:14.41,9:12.42,8:55.47,9:04.09,,,,,
Maxence Hofer,,,,,,,,,,,,,,,9:35.19
Pascal Weber,,,,,10:24.22,,,,,,,,,,
Cyril Eisenegger,,,,,,,,,,10:31.04,,,,,
Nick Gutmann,,,,,,,,,,,,,,,9:44.46
Dominic Meier,10:51.32,,,,,,,,,,,,,,
Noé Cardinaux,,,12:13.11,,,,11:33.68,,,,,,,,
Andy Sutz,8:47.95,,,,,,,,,,,,,,
Robert Stuber,9:46.66,9:51.75,9:59.50,,,,,,,,,,,,
Yan Volery,,,,,,,,,10:22.82,9:38.18,9:13.79,8:57.34,,,
Fabio Halter,,,,,,,,,,,,,,,9:28.53
Thomas Feuz,,,9:01.56,8:52.72,8:48.17,9:02.92,,,,,,,9:53.73,10:17.26,
Derek Buccassi,,,,,,,,,,,,,,8:33.09,8:44.44
Simon Wellig,,,,,,,10:17.48,,,,,,,,
Sergio Grond,,11:40.07,,,,,,,,,,,,,
Pavel Malach,,,12:42.16,,,,,,,,,,,,
Paolo Baumberger,,,,,,,,,10:31.89,10:39.04,,,,,
Tekhlit Knife,,,,,,,,,,,,,,,10:13.30
Sandro Aeschlimann,,,,,,,,,,,,10:40.91,,,
Gabriel Matos,,,,,,,,,,,9:37.71,9:12.72,9:04.13,9:04.34,
Christophe Jansen,,11:06.09,10:26.19,10:33.52,10:30.15,,,,,,,,,,
Germain Tornare,,,11:28.52,,,,,,,,,,,,
Paulo Vieira Gonçalves,,,,,,,,,,9:30.16,9:36.84,9:07.95,,9:30.90,
Ismaël Christen,10:32.98,9:52.89,,,,,,,,,,,,,
Fabian Jobin,10:43.94,,,,,,,,,,,,,,
Roman Renner,,,,,,,,,,,,,,,8:25.46
Raphael von Vivis,,,11:49.75,11:33.62,,10:29.71,,10:29.70,,10:35.05,,10:22.78,,,
Rémy Gabioud,,,,,12:26.43,11:22.41,11:16.47,,10:18.12,,,9:50.68,,,
Lukas Oldani,,,,,,,,,9:07.09,,,,,,
Christian Wyss,,,,,,,,,,,,,,10:37.71,
Gustav Baur,,,,,,,,,,,,10:48.33,,,
Fabian Heiniger,,9:53.43,,,,,,,,,,,,,
Gilian Bruchez,9:33.48,9:52.16,,,,,,,,,,,,,
Florian Attinger,,,,,,,,,,,,,,8:43.12,
Michael Huber,9:49.80,,9:04.10,9:41.77,,9:03.90,,,9:22.48,9:19.63,9:25.08,9:41.89,,,
Luzius Bochsler,8:48.53,,,,,,,,,,,,,,
Miranda Dinis,,,10:45.72,,,,,,,,,,,,
Jérôme Crettaz,,9:58.05,9:44.65,9:39.91,9:39.05,,9:45.37,,,,,,,,
Romain De Pury,,,,,,,,,,,,,,9:08.73,
Stefan Baumgartner,11:46.43,,,,,,,,,,,,,,
Maxence Garin,,,8:52.47,9:01.86,8:38.23,8:46.54,8:30.63,,,,,,,,
Clément Arieh,,,,,,,,,,,,,,,10:40.23
Roger Willi,,,,11:05.24,,,,,,,,,,,
Joy Heinrich,,,,,9:45.14,9:50.22,9:37.66,,,,,,,,
Adrian Grisel,,,,,,,,,9:40.50,9:22.91,,,,,
Lukas Vögtli,,,,,,,,,,9:17.79,9:25.81,8:59.78,8:54.51,8:36.87,8:45.51
Michael Morand,,,,,,,,,,,,,9:17.60,9:05.96,
Robert Etter,10:55.79,,,,,10:00.07,,,,,,,,,
Jimmy Romanens,,,,,,,,,,,,,9:36.53,,
Steffen Wendt,,,,,9:31.30,,,,,,,,,,
Simon Schüpbach,,,,,,,,9:23.70,,8:57.09,,,,,
Marco Venzi,10:54.90,10:11.38,9:54.20,9:18.74,,9:27.47,,,,,,,,,
Matthias Faes,,,,,10:03.31,10:16.83,,,,,,,,,
François Mahon,,,,,,,,,,,11:11.31,11:03.68,11:23.62,,
Tsegay Weldekidan,,,,,,,,,,,,,,10:29.60,
Marcel Würsten,,,,,,9:51.41,9:58.24,,,,,,,,
Marc-Antoine Guillet,11:57.72,,,,,,,,,,,,,,
Sebastian Hägler,,,9:09.44,,,,,,,,,,,,
Petra Guggisberg-Oberli,10:15.17,,,,,,,,,,,,,,
Mattia Innocenti,,,9:51.51,9:25.05,10:01.75,9:47.94,,,,,,,,,
Stéphane Howald,,,9:52.69,10:01.07,,,,,,,,,,,
Andrea Alagona,,,,,,,,,,,,9:55.80,,,
Cyrus Godarzi,,10:09.59,9:58.68,9:16.54,,,,,,,,,,,
Aaron Kartje,,,,,,,,,,,10:44.27,10:06.07,9:39.79,9:42.24,
Martin Masserey,,,,,,,,,,9:40.01,9:27.42,9:13.47,9:01.35,,
Abraham Ashene,,,,,,,,,8:43.41,,,8:38.59,,,
Tobias Lüthi,10:20.16,10:01.75,9:42.78,9:17.54,,,,,,,,,,,
Alexandre Roch,,8:33.52,8:40.29,,8:25.01,8:32.95,8:39.16,8:29.31,,,,,,,
Simon Schönenberger,,,,,,,9:21.22,9:29.93,,9:14.35,9:08.72,,9:20.16,,
Martin Filliger,,,10:07.36,,,,,,,,,,,,
Nesero Kadi,,,,8:40.58,8:28.84,,8:30.07,8:23.56,,,,,,,
Ueli Häfliger,,,,,,,9:52.03,10:09.55,10:16.96,9:56.69,,,,,
Ueli Stähli,,9:21.93,,,9:06.65,,,,,,,,,,
Denis Bigler,,9:31.17,,9:24.76,9:26.61,9:24.16,,9:46.39,,,9:40.61,,,,
Guillaume Lupi,,,,,,,9:50.54,,,,,,,,
Pino Pilotto,,14:05.09,,,13:31.63,,,14:04.30,,,,,,,
David Bertschi,9:27.74,,,,,,,,,,,,,,
Pascal Bühler,,,10:53.63,,,,,,,,,,,,
Michael Heyer,9:12.33,,9:10.18,,8:50.34,9:17.88,,,,,,,,,
Jean-Lou Maury,,,,10:10.43,,,,,,,,,,,
Stephan Lowiner,8:38.51,8:38.80,8:55.41,8:38.06,,,,,,,,,,,
Peter Grimm,9:57.85,,,,,,,,,,,,,,
Kevin Bühler,,10:44.14,9:42.42,9:29.57,,9:05.99,,,,,,,,,
Fikru Abera Dadi,,,,,,,,,,,8:31.49,8:29.78,,,
Maxime Bichsel,,,,,,,,,,,10:03.08,,,,
Melvin Frossard,,,,,,,,,,,,9:38.37,,,
Mario Tiralosi,,,11:59.04,,,,,11:22.38,,,,,,,
Julien Fleury,,,,,,,,,,,,,,8:44.21,
Miguel Luzi,,,,,,,,11:30.60,,,,,,,
Pierrick Foucart,,,,,,,12:34.04,,,,,,,,
Jonathan Fierro,,,,,,,,,,,,,,,8:47.39
Dimitri Sallin,,,,,,,,9:38.92,,,,,,,
Dominik Müller,,,,,,,,,,8:57.28,,,,,
Daniel Thür,,,8:55.88,9:06.91,9:00.10,,,,,,,,,,
Igor Hungerbühler,,,,,,,,,,,9:43.93,9:41.05,9:33.57,9:33.23,
David Bill,,,,,,,8:55.58,,8:54.16,,,,,,
Mickael Marti,,,,,,,,,,,,10:06.84,9:45.79,,
Simon Naizgi,,,,,,,,,,,9:51.66,9:09.56,,,
Alain Croisier,,,,,,,,9:45.57,9:20.25,,,8:56.33,8:53.34,8:38.01,
Lucas Nanchen,,,10:59.00,,,,,,,,,,,,
Marco Zweili,,,,,,,,9:54.52,10:13.19,,,,,,
Tim Hirschi,,,,,,,,10:34.38,,,,,,,
Dominik Reich,,,,,,,,,,,,9:39.23,,,
Lukas Marti,,,,,,,,,,8:37.06,8:25.45,,8:29.26,8:24.23,
Raphael Meier,,,,,,,,,,,,13:05.22,,,
Romain Kolly,,,,,,,,,10:32.17,,,,,,
Mateo Reddy,,,,,,,,,,10:29.82,10:23.01,,,,
Sven Wey,,,,,,,,,,,,10:00.26,,,
François Völki,,,,,,,,,,,,,,9:20.81,
Reto Benz,,,,,,,,,,10:42.24,,,,,
Simon Kehl,,,,,,,,,10:18.82,9:55.97,,,,,
Nando Baumann,,,,,,,,,,,,,,8:59.61,
Michael Ott,,,,,8:43.62,,9:04.72,8:38.00,,8:38.05,9:15.14,9:05.74,,,
Beat Blättler,,,,,,,,,,,,,,,10:35.83
Patrick Dubach,,10:35.96,10:15.08,9:46.65,9:56.25,9:45.51,,,,,,,,,
Mischa Jörg,,,,,,,9:30.92,9:31.97,,,,,,,
Andreas Weingartner,,,11:03.99,,,,,,,,,,,,
Felix Kirchhoff,,,,,,,,,,,,,10:47.59,10:49.82,
Mohamednur Hamd,,,,,,8:44.01,8:52.18,8:38.93,8:45.09,,,,,,
Thomas Suter,,10:32.94,,,,,,,,,,,,,
Bertrand Méroz,,,12:02.91,,,,,,,,,,,,
Tim Otto,,,,9:40.74,,,,,,,,,,,
Miguel De Blaireville,,9:35.07,,,,,,,,,,,,,
Marc Röthlisberger,,11:42.62,,,,,,,,,,,,,
Pierre Cordonier,,,,,,,,,11:45.56,10:50.30,10:40.67,,9:37.77,9:30.37,
Simon Vogel,,10:49.05,,,,,,,,,,,,,
Michael Bernet,,9:57.80,,,,,,,,,,,,,
Sascha Werner,,,,,,,,,,,,,10:27.59,,
Abel Mulugeta,,,,,,,,9:24.80,8:52.61,8:36.76,,,,,
Silvan Bartholdi,,,,,,,,,11:04.64,10:12.46,9:53.46,9:37.96,,,
Stefan Marti,,,,,9:40.75,,,,9:27.86,9:45.10,10:08.08,,,,
Joel Schüürmann,,,,,,11:44.00,,,,,,,,,
Sven Marti,,,,,,,9:29.22,,9:32.43,9:21.00,9:47.67,9:15.88,,,
Yassine Dhif,9:18.03,,,,,,,,,,,,,,
Matteo Tamagni,9:51.52,9:30.01,9:33.41,,,,,,,,,,,,
Paul Steullet,,,,,,12:05.90,13:15.91,12:38.43,11:45.30,,,,,,
Luca Martignoni,,,,,,,,,,,,,9:47.74,,
Simon Knellwolf,8:52.93,8:50.70,8:57.59,8:58.67,9:12.15,9:07.93,9:08.91,9:23.49,9:28.92,9:31.96,9:34.06,9:50.11,,,
Emile Monin,,,,,,,,,10:51.58,10:36.46,,,,,
David Probst,,,,,,,,,,,10:52.73,,11:25.99,,
Samuel Solomon,,,,,,,,,,,,,,11:09.23,
Georg Schellenberg,,,12:25.16,,,,,,,,,,,,
Joan Paupe,,,,,,,12:50.21,12:08.84,,,,,,,
Christoph Sägesser,,10:50.99,,,,,,,,,,,,,
Claudio Carizzoni,,,,,,,,,,,,10:52.45,,,
Janis Gächter,,,,,,,,8:56.93,8:46.27,8:54.34,8:36.18,9:04.01,8:39.46,8:31.38,8:35.00
Jonas Bührer,10:03.27,,,,,9:34.03,,,,,,,,,
Mano Ségransan,,,,,,,,,,,,10:45.32,,,
Tobias Abfalter,,,,,,9:21.00,,,,,,,,,
Louis Dolce,,,,,,11:23.66,,,,,,,,,
Pascal Moos,10:29.57,,,,,,,,,,,,,,
Valentin Vouillamoz,,10:14.18,9:44.98,9:23.13,9:22.65,9:58.31,,,,,,,,,
Tobias Brunner,,,,,,,,,9:12.90,9:31.70,9:48.75,,,,
Alexis Cohen,,,,,,,,,,,,,,9:27.76,
Oliver Kissling,,12:02.75,,,,,,,,,,,,,
Mael Medero,,,,,,,,,,,,,,,9:39.79
Matthias Ackermann,,9:43.38,,,,,,,,,,,,,
Tadesse Abraham,,,,,,,,,,,,,,,8:20.58
Alexis Lherieau,,,,,,,,,,,9:55.75,9:19.71,9:06.89,,
Max Schwendimann,,,12:25.81,,,,,,,,,,,,
Dominik Rolli,,,,,,,,,,,,,8:50.35,,
Thomas Perraudin,13:01.39,,12:30.19,,,,,,,,,,,,
Philipp Fleischmann,,,,,9:47.21,,10:52.45,9:59.28,,,10:54.21,,,,
Lou Schneider,,,,,,,,,,,,,,10:09.91,9:42.27
David Schöpfer,,,,,9:57.64,9:52.29,,9:31.84,9:33.31,,,,,8:50.51,
Severin Trösch,,,,,9:59.16,,,,,,,,,,
Dario Muffler,,,,,,11:08.42,,,,,10:12.76,,,,
Jonathan Hofer,,,,,,,,,,,,,9:07.12,8:47.84,8:27.00m
Diego Velti,10:03.82,,,,,,,,,,,,,,
Thomas Racine,,,,,11:11.48,,,,,,,,,,
David Terbois,,,,,,,,10:18.64,9:46.18,9:48.36,,9:49.73,,,
Raphael Clemencio,,,,10:24.26,,,,,,,,,,,
Philipp Mühlebach,,,9:38.06,10:14.54,9:51.82,9:50.40,,9:57.08,9:42.31,,,,,,
Benjamin Lang,,,,,,,9:53.53,9:56.96,10:02.29,9:49.39,,,,,
Cédric Baumann,,,11:09.89,11:01.88,,,,,,,,,,,
Valdet Dinaj,,,,,,,10:17.33,,,,,,,,
Maurice Ottiger,,,,,,,,9:59.70,,,,,,,
Gregor Probst,9:38.12,,9:41.07,9:39.90,,,,,,,,,,,
Gian-Luca Reinhard,10:15.20,10:11.01,,,,,,,,,,,,,
Philipp Bislin,,9:54.29,9:37.88,9:29.80,9:34.53,,,,,,,,,,
Niggi Schaffner,,,,,,10:05.12,9:54.64,9:43.18,9:22.57,,,,,,
Robin Brodmann,,10:05.06,10:03.03,,,,,,,,,,,,
Cedric Räss,,,,,,,,,,,,,,10:56.98,
Marco Maffongelli,,9:00.98,8:53.78,8:45.89,9:01.80,8:50.52,8:43.33,8:55.10,,,,,,8:52.41,
Romano Josi,,,,,,,10:33.06,,,,,,,,
Markus Knellwolf,,,,,,12:12.49,,,,,,,,,
Yannick Zeller,,,,,,,,,,,,10:04.59,10:10.01,,
Peter Fuhrer,,,,,10:41.33,,,,,,,,,,
Jan Seitz,,,,,,,,,,11:12.96,,,,,
Stefano Battaglia,,,,9:00.46,,,,,,,,,,,
Daniel Schönenberger,,,,,,10:34.92,,,,,,,,,
Hervé Terrier,,,,,9:52.13,,,,,,,,,,
Roger Kliem,9:00.45,9:00.98,,,,,,,,,,,,,
Guy Scheiwiller,,9:51.53,,,,,,,,,,,,,
Grégory Wyss,8:49.89,8:47.54,9:07.27,9:04.55,,,9:42.74,,,8:38.27,8:52.32,8:54.79,8:55.27,,
Jan Hendrik Neiser,,,,9:45.95,,,,,,,,,,,
Steve Bernard,10:08.36,10:16.40,10:34.12,,,,,,,,,,,,
Bastian Wartmann,10:56.96,9:45.02,,10:23.63,,,,,,,,,,,
Adan Cabdi Maxamed,,,,,,,,,,,,,,10:02.33,
Zersenay Michiel,,,,,,,,,,,,,,,9:39.46
Patrick Schönbächler,,11:37.78,11:24.37,,,10:23.20,,,,,,,,,
Emile Morand,,,,,,,,,,,,,,,10:42.40
Gaëtan Bruyant,,,,,,,,,,,,9:37.90,9:10.94,,
Thibault Niederhauser,,,,,,,,,10:42.24,9:55.87,10:30.73,9:40.29,9:24.23,9:15.95,
Lutz Körner,,,,,8:46.06,8:55.92,9:01.02,,,,,,,,
Miguel Matos,,,,,,,,,,,,,,,8:55.04
Renatus Birrer,,,,10:09.28,,,,,,,,,,,
Yannick Wey,,,,,10:48.72,,,,,10:02.97,,,,,
Enrico Nitihardjo,,,,,,,,,,,,11:25.37,,,
Jonas Müller,,11:44.70,,,,,,,,,,,,,
Alain Denzler,,,,,,,,,,,,,8:51.00,,
Jakub Bossowski,,,,,,10:12.88,,,,,,,,,
Maxime Zermatten,8:45.60,8:30.30,8:33.59,8:42.24,,,,,,,,,,,
Samuel Agyapong,,,,,,,,,,,,,,,9:42.44
Ramon Schweizer,,,,,,,,,,,,,,9:27.92,
Philipp Grosheny,,,,,,,9:40.66,,,,,,,,
Sämi Duss,,,,,,,,,,10:25.46,,9:43.08,,,
Kaspar Sollberger,,,,,9:26.08,,9:26.97,,,9:34.57,,,,,
Tedros Sium,,,,,,,,,,10:14.51,,9:17.38,9:12.21,8:57.38,
Simon Praz,,,10:07.87,,,,,,,,,,,,
Dominique Erb,,,,,11:03.67,,,,,,,,,,
Samuel Delaloye,,,,,,,10:21.13,,,,,,,,
Romain Geiser,,,,,,,10:48.12,10:41.74,,,,,,,
Christian Schumacher,,,9:05.49,9:16.08,,,,,,,,,,,
Pascal Faden,,,,,10:06.09,9:43.40,,,,,,,,,
Fabio Vielmi,,,,10:28.89,,,,,,,,,,,
Dario Werder,,,,,,,,,,,,,,9:45.81,9:34.56
Njaal Aase,,,,,,,,,,11:00.11,10:24.04,9:58.79,9:25.27,9:37.01,9:14.06
Stephan Zellmeyer,,,,,,,,,10:00.57,,,,,,
Maxim Wyss,,,,,,,,,,,,,9:11.95,,8:34.08
Florian Wittwer,9:59.86,,,,,,,,,,,,,,
Esteban Hofer,,,,,,,,9:59.69,9:14.90,9:31.17,,,,,
Luca Lionti,,,,,,,,,,11:08.81,,,,,
Michaël Millius,10:06.73,9:58.59,9:51.05,,,,,,,,,,,,
Reto Ciresa,,9:22.56,,,,,,,,,,,,,
Kidane Tewelde Kiflezghi,,,,,,,,,,,9:04.99,9:19.95,,,
Dominik Herren,,,,,,,11:17.48,,,,,,8:45.36,,8:31.88
Neil Burton,,,,,,,8:22.85,8:27.60,8:26.64,,,8:41.91,8:24.13,8:32.98,8:36.96
Colin Wyss,,,10:59.30,,,,,,,,,,,,
Adrien Briffod,,11:03.92,,,,,,,,8:51.14,,,,,
Benjamin Schaub,,9:24.38,8:49.72,8:52.05,9:04.13,,,,,,,,,,
Fabian Kammermann,,,,,,,9:15.37,,9:29.03,,,,,,
Erik Schegg,,,,,,,,,,,,9:40.27,9:17.85,,
Yannick Tschanz,,,,,,,11:28.06,10:54.02,,,,,,,
Stefan Mortier,,,,,,,9:39.11,,,9:46.61,10:06.03,9:44.94,9:34.48,9:34.46,9:37.53
Maël Guex,,,,,,,,,,,,10:16.61,,,
Christoph Graf,,9:52.43,9:26.28,8:56.86,8:44.80,,8:42.65,8:30.56,8:29.44,8:14.53,,,8:27.57,9:03.96,
Jannis Schönleber,,,,,,,,,,,,,,8:56.96,
Jonas Gavillet,10:06.19,10:31.41,,,,,,,,,,,,,
David Perrin,9:38.14,,,,,,,,,,,,,,
Clemens Gisler,11:01.08,,,,,,,,,,,,,,
Tobias Bachmann,,,,,,,,,,9:37.05,,,,,
Pascal Furtwängler,,,10:16.18,9:22.52,9:03.24,,,,8:52.34,,8:29.56,,,,
Joost van den Ende,,,,,,,,,,,,10:05.25,,,
David Fuentes,,11:27.22,,,,,,,,,,,,,
Elias Gemperli,,,,,,,,9:26.85,,,9:02.35,8:48.63,8:38.06,8:36.96,
Simon Duc,,,,,,,12:25.53,,,,,,,,
Patrik Gentsch,8:51.90,8:31.98,,,,,,,,,,,,,
David Gafner,,,,9:33.99,,,,,,,,,,,
Samuel Coquoz,,,,,11:38.58,,,,,,,,,,
Tizian Olivieri,,,11:54.31,,,,,,,,,,,,
Matteo Hübner,,,,,,,,,,,,,10:00.90,9:39.67,
Daniele Romelli,,,,,,,,,,,,,,9:20.03,
David Leu,,,,,,,,,,,10:32.45,10:32.57,,,
Lukas Hertel,,,,,,,,,,,,10:47.90,10:25.35,,
Jonas Raess,,10:01.54,9:52.16,,8:55.72,8:43.39,,,,,8:22.10,8:05.87,7:59.82,8:04.93,
Dominik Röösli,,9:48.11,,,,,,,,,,,,,
Audun Weltzien,,,,8:47.65,,,,,,,,,,,
Patrick Grütter,,,,10:06.51,,,,,,,,,,,
Pascal Bucher,9:29.19,,9:15.69,9:18.79,,9:11.68,,9:08.63,9:02.18,9:09.28,,,,,
Bruno Invernizzi,,9:05.85,,,,,,,,,,,,,
Mario Bünter,,,,,,,,10:49.52,,,,,,,
Enea Ratti,,,,,,,,,,,,,9:05.43,,9:04.00
Joel Drittenbass,,9:31.81,9:17.42,,9:18.78,8:53.57,8:50.19,8:48.22,8:57.06,,9:12.09,9:06.77,,,
Simon Membrez,,,,12:34.98,,,,,,,,,,,
Sébastien Giani,,,,,,,,,9:22.86,9:50.40,9:20.77,9:08.13,9:10.47,,
Patrik Bryner,,,9:58.76,,,,,,,,,,,,
David Fischer,,,,,,,,,,,,,9:20.22,8:53.95,8:50.89
Kyle Fowler,,,,,,,,,,,,,,,9:00.80
Jean-Pierre Grossglauser,10:22.34,,,,,,,,,,,,,,
Joel Schnell,,,,10:10.48,,,,,,,11:54.99,,,,
Léon Dietrich,,,,,,,,,,,,,,9:00.74,
Moritz Klinger,,,,,,,9:48.69,10:50.46,,,,,,,
Nathan Dugast,,,,,,,,,,9:28.79,,,,,
Noah Greisser,,,,,,,,,,,,,,,9:05.86
Florian Howald,,,,,9:32.95,,,,,,,,,,
Lukas Schaub,,,,9:55.64,,,,,,,,,,,
Timo Suter,,,,,,,,,,,,,,,8:29.50m
Andy Coendet,,,,,,,,,,,,,,,8:57.28
Raphael Baumann,,10:11.42,9:50.85,9:51.38,10:29.20,,9:56.76,9:55.92,,9:55.51,10:14.85,10:33.55,10:20.41,10:17.40,
Antoine Métrailler,,,,,,,,,10:06.02,,,,,,
Sebastian Inderst,,,,,,,,,,,9:20.07,,,,
Lukas Gafner,9:56.35,9:39.03,9:16.73,,,,8:57.25,8:57.76,,,,,,,
Lukas Stähli,,,,8:28.62,,,,,,,,,,,
Mattia Verzaroli,,,,,,,,,,,,9:27.17,9:11.57,9:19.12,9:21.29
Simon Ammann,,,12:18.15,,,,10:26.79,,,,9:27.76,8:58.09,9:13.34,9:02.21,
Jan Rüttimann,,,,,,,,,,,,,,9:05.63,8:34.74
Beni Nyffenegger,,9:09.62,,,,,,,,,,,,,
Antony Nesarajan,,,,,,,,10:09.86,10:18.34,,,,,,
Aman Behabelom,,,,,,,,,,,10:36.44,9:55.52,,,
Sandro Schmid,,,,,,,,10:44.91,,,,,,,
Fabian Mammone,,,,,,10:05.08,,,,,,,,,
Martin Christen,,,,,,,,,10:19.33,,,,,,
Nathan Soldati,,,,,,,,,,,,11:35.21,,,
Marco Biland,,,,,,,,,,,,11:10.38,,,
Jacques Louw,,,,,,,9:49.25,,,,,,,,
Samuel Kolb,,,,,10:28.06,10:09.42,9:55.13,9:23.86,9:36.53,9:27.51,,9:37.78,9:09.42,9:02.98,9:27.72
Aruna Nathan,,,,,,,9:18.20,,,,,,,,
Nick Obrist,,,,,,,,,,9:53.04,9:39.51,,9:19.21,,
Lovro Frund,,,,,,,,,12:48.22,,,,,,
Florian Schweer,9:56.20,,9:59.24,,,,,,,10:51.07,10:50.44,11:09.67,,,
Gabriele Cresta,,,,,,10:14.93,,9:55.09,9:52.52,,,,,,
Marc-Henri Jaunin,9:53.30,,,,9:52.46,,,,,,,,,,
Daniel Schläpfer,,9:17.46,,9:26.16,,9:31.73,,,,,,,,,
Miro Joël Flattich,,,,,,,,,,,,9:37.64,,,
Jonathan Ruchti,,,,,,,,,,,,,,,9:15.45
Nicolas Ballestraz,,,,,,,12:05.78,10:02.08,10:08.77,10:30.43,,,,,
Christian von Allmen,9:23.40,9:58.84,,,,,,,,,,,,,
Samet Tela,,,,10:26.67,10:29.80,10:10.22,10:02.08,9:50.93,,9:54.61,,,,,
Simon Porras,,,,,,,9:00.22,9:23.26,8:50.41,8:36.86,,8:31.11,,,
Julien Torche,,,,,,,,,,,,,,9:35.65,9:08.09
Roger Kaufmann,10:30.92,,,,,,,,,,,,,,
David Rodriguez,10:21.30,,,,,,,,,,,,,,
Bart Hoogenboom,,8:36.58,,,,,,,,,,,,,
Thomas Beck,,,,,,10:23.85,,,,,,,,,
Raphael Fuchs,8:17.93,8:28.22,8:34.03,8:51.99,,,,,,,,,,,
Amable Alvarez,,,,,,,,,,,,,,10:16.17,10:03.59
Ismaïl Sahbane,,,,,,,,,,,,,,9:12.43,
Matthias Müller,8:50.31,,,,,,,,,,,,,,
Abraham Adhanom,,,,,,,,,,,,11:08.65,,,
Deny Vetsch,,,,,,,,,,,,9:55.85,,,
Stéphane Demierre,,,9:29.11,10:08.31,,,,,,,,,,,
Tobias Renggli,,,,,,,,,,,,,10:26.70,9:48.45,
Ali Al-Kenani,,,,,,,,,,11:07.78,,,,,
Matthias Fanger,,,,,,,10:14.80,,,,,,,,
Jannik Jordi,,,,,,,,,,,,,,9:50.56,
Remo Blättler,,,,,,,,10:06.44,9:46.55,9:43.69,9:47.92,,,,
Patrick Pauchard,,,10:49.05,10:58.37,,,,,11:08.61,,,,,11:30.23,
Jonas Fahrni,,,,8:48.06,8:46.35,,,,,,,,,,
Adrian Pauchard,,,,,,,,11:31.16,,,,,,,
Christoph Ryffel,8:56.28,8:50.02,8:43.17,8:20.64,8:10.84,,7:53.60,,,,,,,,
Oliver Nahon,,,,,9:47.29,9:59.23,,,,,,,,,
Pascal Enggist,,,,,,,10:26.64,,,10:26.71,,,10:52.19,,
Emanuel Schönbächler,,,,,,,,,,,,,9:18.28,,
Yared Daniel,,,,,,,9:39.33,9:15.93,9:13.62,9:24.08,,,,,
Pascal Preisig,9:33.27,,,,,,,,,,,,,,
Roger Küng,,,8:48.22,,,,,,,,,,,,
Kevin Zutter,,,,,,,11:32.71,10:47.10,,,,,,,
Samuel Andrea Kummer,,,,,,,,10:05.90,9:53.42,9:49.04,9:49.93,10:12.10,,,
James Cullen,,,,,,,,,,,,,,10:05.36,
Tarcis Ançay,8:44.58,,,,,,,,,,,,,,
Lukas Fendt,,11:12.02,,,,,,,,,,,,,
Jonas Bürgi,,,,,,11:15.62,,,,,,,,,
Elias Bührer,9:32.21,,,,,,,,,,,,,,
Philipp Renner,,,,,,,,,,,10:17.92,9:57.80,9:46.07,,9:20.72
Reto Weber,9:08.46,,,,,,,,,,,,,,
Thomas Curiger,,,,,,,,,,,,,8:41.39,8:40.34,8:34.09
Samuel Merk,9:20.60,9:12.23,9:17.39,,,,,,,,,,,,
Silas Zurfluh,,,,,,,,,,,,9:05.35,,,
Pascal Demierre,,13:06.28,,,,,,,,,,,,,
Bruno Kunz,,,,,,,,,,11:30.63,,,,,
Abdi Salam Ali,,,,,,,,,,,,,9:12.60,8:43.10,8:33.14
Laurent Guillet,,9:28.73,,,,,,,,,,,,,
Timo Roth,,11:25.30,10:58.18,,,,,,,,,,,,
Nikita Kostyuchenko,,,10:12.79,,,9:36.00,9:44.91,9:50.17,,9:26.90,,,,,
Andreas Ammann,,,,,,,,,,,,,9:30.47,9:28.25,
Axel Sutter,,,,,,11:28.50,,,,,,,,,
Sébastien Ristori,,,,,,,,,,,,11:39.79,,10:20.27,
Jérôme Schaffner,,8:30.10,,,8:33.13,,,,,,,,,,
Jérôme Aeschbach,,,,,,,,,,,,,,10:12.94,
Bruno Albuquerque,,,,,,,,8:08.91,8:20.14,,8:21.04,8:17.03,8:20.59,,
Kiflay Mengestabe,,,,,,,,,,,,9:26.36,,8:39.64,8:26.78
André Nussbaumer,,,,,,,9:36.52,,,,,,,,
Fabien Kaiser,,,,,,,,,,,,,9:17.45,8:51.51,8:46.94
Marcel Berni,9:45.04,9:17.34,9:26.51,8:47.64,8:40.56,8:26.14,8:25.46,8:27.14,,8:34.91,,,,,
Johannes Schwab,,,12:18.47,,,,,,,,,,,,
Francois Michellod,,9:18.39,13:44.25,9:23.79,,9:49.94,,,,,,,,,
Yannis Babey,,,,,,,,,,13:31.73,,,,,
Laurent Schuetz,10:08.92,,,,,,,,,,,,,,
Maxime Walt,,,,,,,,,,,10:12.21,,9:49.20,9:15.37,9:24.72
Tim Jakob,,,,10:25.68,10:18.97,10:23.39,10:09.91,9:47.04,9:50.39,,,10:19.23,9:54.12,10:07.20,
Fabian Jucker,,9:40.43,9:25.28,9:09.71,8:43.75,9:07.94,8:38.79,8:38.10,8:33.16,,,,,,
Florian Schneider,,,,,9:51.36,,,,,,,,,,
Albert Wambua Frank,,10:00.34,,,,,,,,,,,,,
Niklaus Hägler,,,,9:21.81,,,,,,,,,,,
Mathias Büschi,,,,,,,,10:44.61,,,,,,,
Nils Strassmann,,,,,,,,,,,,,10:51.98,10:31.65,10:20.06
Sandro Schalch,10:20.45,,,,,,,,,,,,,,
Karim Jowary,,,,11:28.14,,,,,,,,,,,
Simon Leu,,10:47.71,9:51.34,,9:44.21,,,,,,,,,,
Anders Fox,,,,,,,,,9:14.79,,,,,,
Quentin Christe,,,,,10:37.05,,,,,,,,,,
Rocco Dolce,,,,,,11:23.66,,,,,,,,,
Maarten Verhelst,,,,,,,8:57.95,8:32.75,8:31.90,8:38.99,,,,,
Kolja Schön,,,,,,,,,,,9:53.26,9:38.07,,,
Johannes Morgenthaler,8:30.57,8:38.02,8:24.33,,8:24.15,,,,8:39.35,,,,,,
Daniel Blättler,,,9:21.50,9:20.14,9:07.30,9:22.11,,,,,9:20.03,9:23.46,,,
Vincent Riser,,,,,,,,10:09.86,,9:39.65,,9:44.44,9:23.54,9:15.53,
Marco Kim,,,,,,,,,,10:28.63,,,,,
Alexis Gex-Fabry,,,8:59.08,,,,,,,,,,,,
Sylvain Métrailler,,,,,,,,10:08.40,,,,,,,
Jonathan Atse herrera,,,,,,,,,,,,,,,8:35.34
Antoine Tâche,,,,,,,,,,,,,10:10.34,9:32.67,
Adrian Stucki,9:11.63,,,9:48.67,,,,,,,,,,,
Jorge Garcia,,,,,,,,,,,8:53.96,,,,
Lukas Diener,,,,9:11.52,,,,,,,8:54.41,,,,
Christophe Stauffer,8:47.98,,,8:41.30,8:39.78,9:12.20,8:39.88,,8:52.49,,,,8:54.81,8:56.76,
Philipp Müller,,,,,,11:14.80,10:33.22,,,,,,,,
Michael Grossen,,10:20.86,,,,,,,,,,,,,
Michele Lardi,,,,,,,,9:24.64,9:33.06,9:26.63,9:40.78,9:36.40,,,
Pascal Ungersböck,,,10:31.93,9:50.65,9:17.33,8:45.46,8:35.81,8:29.38,,,,,,,
Dejene Lidetu,,,8:36.64,,,,,,,,,,,,
Lukas Dietrich,,,,,,11:43.41,,,,,,,,,
Antoine FEVRE,,,,,,,11:13.85,,,,,,,,
Alain Mc Laren,8:50.14,,,,,,,,,,,,,,
Florin Wey,,,,,,,,,,,,,,10:38.52,
André Stadelmann,,10:10.95,,,,,,,,,,,,,
Luka Wanner,,,,,,,12:18.58,,11:29.12,,,,,,
Romain Luescher,,,,,,,10:02.65,,,,,,,,
Marc Hegner,9:15.61,,,,,9:42.41,,,,,,,,,
Sebastian Riggenbach,,10:15.96,,,,,,,,,,,,,
Markus Oberlin,,9:20.28,,,,,,,,,,,,,
Andriu Deplazes,,,,9:36.97,9:14.64,9:30.68,9:22.24,,,,,,,,
Benjamin Schreiber,12:16.27,,,,,,,,,,,,,,
Kevin Fuchs,,,,,,,,9:31.08,9:41.04,9:31.66,,,,,
Tesfamariam Solomon,8:21.51,8:33.83,8:08.94,8:14.34,,8:16.29,8:21.23,,,,8:36.55,8:43.44,,,
Stefan Lombriser,9:08.55,,,,,9:02.53,,,,,,,,,
Mirco Zwahlen,,,,,,,8:43.43,,,,,,,,
Elias Wiedmer,,,,,,,,,,10:50.86,,,,,
Marco Jordan,,,10:42.37,,,,,,,,,,,,
Ursin Saxer,,,,,,,,,,,10:10.64,,,,
Samuel Bumann,8:41.86,,,8:41.48,8:46.26,8:34.49,,,,,,,,,
Marino Capelli,,,,,,,9:33.20,9:05.16,,,,,,,
Husein Mahamad Omar,,,,,,,,,,,,,,,9:13.53
Frédéric Roggo,10:08.66,,,,,,,,,,,,,,
Nasserdine Snoussi,,10:47.66,,,,,,,,,,,,,
Lars Veugelers,,,,,,,,,,,,,,10:20.52,9:31.42
Michael Barmet,,10:06.12,,,,,,,,,,,,,
Michael Ackermann,10:02.02,10:08.47,,,,,,,,,,,,,
Cédric Bouele,,10:06.44,10:02.54,11:07.44,10:07.80,,,,10:19.07,,10:21.32,12:22.67,11:04.14,,
Harry Huber,,10:12.66,9:59.58,,,10:19.62,10:20.23,10:36.82,,11:17.58,,,,,
Mirko Blättler,,,,,,,9:06.92,9:01.15,9:15.32,,,,,,
Lars Ellmers,,,,,,,,,,10:34.05,,,,,
Louis Möhrle,,10:36.49,10:03.73,,,,,,,,,,,,
Michael Stieger,,12:14.22,,,,,,,,,,,,,
Jay Slowik,,,,,,,9:25.61,,,,,,,,
Michael Racine,,,,,,,,,,,11:36.76,11:32.32,10:34.15,,
Simon Sterchi,11:23.57,,,,,,,,,,,,,,
Thibault Curty,,,,,,,,,,,,9:45.68,,,
William White,,,,,,,,,,,10:14.20,10:04.38,,,
Noah Enzmann,,,,,,,,,,,10:06.11,9:39.27,9:35.88,,
Janosch Adler,,,,,,,,,,,,,10:18.29,,
Lukas Kuonen,9:11.30,8:59.40,,,,,,,,,,,,,
Florian Lussy,,10:59.68,10:01.62,,,9:06.99,,8:40.60,,8:35.90,8:40.85,,,,
Yuriy Rahm,,,,,,,,,,,10:55.03,,9:49.85,,
Markus Hacksteiner,,,,,,,,10:19.24,,,,,,,
Benjamin Rérat,,,,,,,,,,,11:30.48,,,,
Florian Cibotto,,10:05.63,9:36.93,,,9:12.47,,,,,,,,,
Lee-Roy Ryner,13:21.36,,,,,,,,,,,,,,
Ricardo Pinto,,,,,,,,,,,9:41.70,9:17.66,9:07.84,9:11.79,8:49.79
Yanick Andrey,11:11.92,,,,,,,,,,,,,,
Toby McCarthy,,,,9:27.90,,,,,,,,,,,
Dominic Oesch,,,,,,,,10:50.03,10:00.54,9:27.36,9:20.58,9:29.46,,,
Kilian Heller,10:00.74,,,,,,,,,,,,,,
Julien Lyon,9:29.69,8:59.29,8:58.70m,,8:34.24,,,,8:26.43,,,,,,
Geronimo Von Wartburg,,,,,,,,,8:52.29,9:05.11,8:55.22,8:53.91,8:49.38,,
Christian Winter,9:01.17,9:24.15,,,,,,,,,,,,,
Dejen Hiedray,,,,,,,,,9:15.11,,,,,,
Remo Schüpbach,,,,,,,,,,,,11:51.70,,,
Christoph Aebi,,,,,,,,,,,12:03.68,,,,
Phillip Oberholzer,10:46.74,,,,,,,,,,,,,,
Nils Oberli,,,,,,,,,,13:30.72,,12:04.28,,,
Jonas Eberle,,,,,,,,,,11:27.89,,11:25.11,,,
Mark Schneider,13:03.63,,,,,,,,,,,,,,
Michael Eichenberger,,,,,9:59.57,,,,,,,,,,
Christoph Wanner,9:12.73,,9:00.19,,,,,,,,,,,,
Cornel Brunner,,10:05.64,,,,,,,,,9:36.98,9:38.11,,,
Philipp Arnold,,,,,,,,,9:19.24,9:21.51,,,9:09.81,9:09.05,9:01.59
Thomas Wiedmer,,10:26.61,,,,,,,,,,,,,
Cédric Lehmann,,,,,,,,,,9:00.48,,,8:49.45,,
Gerezgiher Mulugeta,,,,,,,,,,,,,,,9:03.02
Tobias Eichelberger,,,,,,,,,,,10:43.00,,10:40.06,,
Arnau Albà,,,,,,,,,,,9:50.29,,,,
Severin Howald,,,,,9:18.99,,,,,,,,,,
Yoann Vogel,,,,,,,,,,,,,11:10.24,10:52.43,
Oliver Schlüssel,12:50.33,,,,,,,,,,,,,,
Markus Peter,8:59.77,9:02.06,8:59.41,8:51.70,9:01.49,,9:12.63,,,,,,,,9:29.56
Noé Bolinger,,,,,,,,,,,11:25.78,,10:12.77,,
Kai Gundlach,,,,,,,,,,,,,9:19.41,9:16.09,
Romain Juillerat,,,,,,,,9:31.38,9:26.11,9:11.61,9:01.84,,,,
Urs Schönenberger,,,,,,9:04.74,,,8:37.11,,,,8:29.06,9:17.96,
Björn Schräder,,,,,,9:23.05,9:13.35,9:17.07,,,,,,,
Daniele Pedrazzini,,,13:04.86,,,,,,,,,,,,
Ian Tobler,,,,,,,11:48.21,,,,,,,,
Jérôme Epiney,,10:27.16,9:55.00,9:36.63,9:43.14,,,,9:18.43,9:05.03,9:17.25,9:31.15,,,
Alexander Rubin,,11:09.68,10:08.08,9:53.12,9:40.19,,,,,,,,,,
Fabio Stübi,,,,,,,,,,,9:38.22,9:27.57,9:21.95,9:14.90,
Major Tesfay,,,,,,,,,,9:13.67,,,,,
Cedric Meyer,,,,,,,,,,,,,,,9:01.38
Laurent Guggisberg,,10:21.15,10:49.46,,,,,,,,,,,,
Michael Moll,11:10.49,,,,,,,,,,,,,,
Marcel Briggen,,,,,,,,,,,,,,9:14.05,
Yann Schlegel,,,,,,,,10:21.87,,,,,,,
Marco Engeler,,,,,,,,,,9:24.40,,9:21.57,,,
Ivo Drescher,,,,,,,,9:09.09,,9:21.19,,,,,
Joao Ribeiro,,,,,,,,9:40.13,9:10.22,,,,,,
Robert Morhard,,,,,,,,8:57.36,,,,,,,
Maurice Wismer,,,,,,,,,12:25.77,,,,,,
Lars Schnyder,,,,,,,,,,10:06.13,,,,,
Jonas Grillo,10:09.07,10:15.71,9:52.35,,,,,,,,,,,,
Kevin Maillard,10:24.93,10:34.01,9:56.65mM,,,,,,,,,,,,
Florian Ulmann,9:38.20,,,,,,,,,,,,,,
Nicola Lüdi,,,,,,,,,,,10:21.13,,,,
Shaeban Muhammed Ali,,,,,,,,,,,9:56.02,,,,
Lukas Molnar,,,,,,,,,,,,,,,8:55.02
Matteo Togninalli,,,,,12:07.08,,,,,,,,,,
Rubén Oliver,8:44.22,8:42.00,8:46.84,,,,8:39.89,,8:36.64,,,,,,
Alessandro Castelli,,,,,,,10:33.64,,,,,,,,
Simon Rüegg,,,,,,,9:28.96,,,,,,,,
Ueli Koch,8:20.34,8:24.85,,,,,,,,,,,,,
Luca Desgalier,,10:54.59,10:18.37,,9:41.20,9:44.75,9:53.64,,,,,9:39.69,9:21.37,,
Bahta Grmay,,,,,,,10:08.67,9:23.25,9:22.02,,,,,,
Matthias Castrischer,,,,10:31.54,9:48.21,9:40.03,,9:08.62,8:43.06,8:36.57,8:34.11,8:21.44,,,
Adrian Wäschle,,12:25.15,,,,,,,,,,,,,
Sébastien Stevan,,,,,,,,11:43.87,,,,,,,
Flavio Ranzoni,,,,,,,,9:53.37,9:36.48,,,,,,
Markus Sauter,,,,,,,,,,,,,11:16.17,,
Alan Velati,,,,,,,9:55.67,,,,,,,,
Alexander Schwab,,,,,10:50.23,,10:09.43,10:03.36,,,,,,,
Oliver Daniel Senn,9:38.35,9:29.51,9:32.11,10:06.03,,9:54.88,9:53.43,,10:04.57,,,9:50.52,9:41.52,10:02.02,10:00.78
Andreas Elliker,,,,,9:31.16,,,,,,,,,,
Yan Orlandi,,8:56.11,,,,,,,,,,9:39.96,,,
Yannic Wild,,,,,,,,,,,,,9:17.41,,
Ahmed El Jaddar,,,,,,,,,,,,,8:56.99,,
Silas Bruderer,,,,,,,,,10:25.41,9:43.22,9:38.51,9:28.42,,,
Janick Caluori,11:25.30,,,,,,,,,,,,,,
Dario Josi,,9:54.28,9:40.89,,,,,,,,,,,,
Florian Suter,,,,,,,8:55.96,8:56.25,8:44.91,8:28.70,,8:43.26,,,
Koen de Jong,,,,,,,,,,,,,11:31.56,11:29.81,10:59.33
Alain Wüthrich,,,9:10.94,,,,,,,,,,,,
Elias Wermuth,,,,,,,,,,10:56.68,,11:24.99,,,
Patric Wyss,,8:49.17,,8:55.99,9:44.12,,,,,,,,,,
Martin Zampieri,,10:27.91,,,,,,,,,,,,,
Jérémy Hunt,,,,,,,,,8:58.03,,,,,,
Simon Ferrari,,,,,,,,,11:00.83,,,,,,
Lukas Lombriser,,10:01.56,9:36.60,9:36.04,9:27.67,,,,,,,,,,
Josua Richard Sommer,,,,,,,9:46.94,,,,,,,,
Ramon Flammer,,11:22.81,10:41.59,,,,,,,,,,,,
Cédéric Dubois,10:44.63,10:24.06,,,,,,,,,,,,,
Jens-Michael Gossauer,,,,,9:15.69,8:57.49,8:46.93,8:47.16,,,,,,,
Patrick Buess,,,,,,,,,,,,13:32.78,,,
Vincent Bessard,,13:57.22,10:44.92,,,,,,,,,,,,
Dominik Hadorn,9:06.38,9:02.87,9:13.83,9:01.15,9:47.77,,9:48.69,10:27.05,,,,,,,
Yannick Jabas,9:14.60,,9:47.00,,,,,,,,,,,,
Dominic Müller,,,,,,,8:51.38,8:39.52,8:46.80,,8:39.02,8:46.21,8:55.39,8:32.87,8:31.00m
Manuel Sigg,,,,,,,,,,,,,,,9:35.54
Simon Golay,,,,,,,,,,,10:09.78,10:50.02,,,
Sébastien Witschi,,,,,,,,,,,,9:49.47,10:07.58,9:36.08,
Allan Bonjour,11:06.61,10:53.15,,10:15.97,,9:47.28,,,,,,,9:07.62,9:11.30,
Cristian Linder,,,,,,,,,,11:05.68,,,,,
Philip Holzer,,9:05.32,,,,,,,,,,,,,
Raffael Takacs,,,,,,10:57.75,,,,,,,,,
David Mojon,,,,,,,,,11:18.71,10:24.69,,,,10:47.05,
Zeresenay Michiel,,,,,,,10:06.30,9:19.48,9:00.86,9:11.69,,9:17.25,8:57.19,,
Christian Kreienbühl,,,,,8:27.69,,8:22.80,,,,,,,,
Philipp Fässler,,9:30.14,,,,,,,,,,,,,
Nicola Gilg,,,,,,,,,,,,,,9:08.43,
Lionel Ballif,,10:30.82,10:01.04,,,,,,,,,,,,
Richard Kunz,8:56.50,,,,,,,,,,,,,,
Michael Küng,,11:16.17,,,,11:00.51,,,,,,,,,
Benedikt Laska,,9:38.63,,,,,,,,,,,,,
Julian Fischer,,,,,,10:14.87,,,,,,,,,
Jonas Haas,,,,,,,,,,,13:01.44,,,,
Carl Linus Orth,,,,,,,,,,,,,11:18.85,10:55.03,10:33.61
Christian Keller,,,11:44.99,,,,,,,,,,,,
Fabien Brunner,,,,,,8:51.02,9:17.16,,,,,,,,
Patrick Barreto,10:18.34,,,,10:36.05,,,,,,,,,,
Elia Stampanoni,,9:24.09,9:08.74,9:08.39,9:15.54,,,9:35.51,9:26.22,,,,,,
Jérémy Kahr,,,11:16.30,,,,,,,,,,,,
Josua Robert,,,,,,,9:31.09,8:46.96,,,,,,,
Nolan Hoffmeyer,,,,,,,,,,,10:40.15,,,,
Nicolò Brivio,,,,,,9:49.59,,,,,,,,,
Julien Christen,,,,,,,,,9:42.96,9:32.16,9:06.23,9:28.67,,8:56.42,
Simon Kaiser,,,,,10:59.67,,,,,,,,,,
Frédéric Oberli,,9:45.03,9:59.85,,,10:10.73,10:41.09,10:26.52,10:41.93,10:44.25,9:58.15,10:02.89,10:22.86,,
Dominik Dölger,,,,,,,,,,,,,9:37.03,9:32.85,9:19.93
Fabian Jordan,,11:27.98,10:51.61,10:50.74,,,,,,,,,,,
Francis Herzig,,11:48.45,12:01.63,,,,,,,,,,,,
Brice Zettel,13:55.90,,,,,,,,,,,,,,
Matthyas Kurt,,,,,,,,,,,,,11:27.10,12:48.07,
Marco Descloux,,,,,,,,,,,,,9:51.98,,
Simon Itim,,9:44.30,,9:27.86,,,,,,,,,,9:38.04,
Loris Zogg,,,,,,,,,,,,,9:23.21,9:20.17,8:57.10
Merhawi Tekley,,,,,,,,,,,,,,10:09.92,
Dominic Schacher,,,,,,,,,,,,,,,9:18.14
Andreas Söffker,,,,,,10:23.81,,,,,,,,,
Julien Wyss,,,,,,,,,10:50.45,,11:34.61,11:04.86,,,
François Leboeuf,,,,,,,,,,8:44.11,,,,,
Hans Reichenbach,,,9:02.84,8:52.05,8:52.03,,,,,,,,,,
Lorenzo Dalessi,,,,,,10:08.83,,,,,,,,,
Lucien Fleury,,10:34.95,10:31.89,9:45.34,10:00.09,,,,,,,,,,
Rufai Isse Farah,,10:52.18,,,,,,,,,,,,,
Markus Hagmann,,,,,8:50.92,8:40.19,9:00.45,,,,,,,,
Philipp Andermatt,,,,,,,10:41.04,,,,,,,,
Flo Bodmer,,,,,,,,,9:24.39,,,,,,
David Stillman,,9:07.68,9:06.61,9:27.52,,,,,,,,,,,
Pierre Fournier,9:18.92,,,,,8:58.45,8:29.03,,8:50.17,,,,8:43.32,8:46.79,
Bastien Schweickhardt,,,,,,,,,,,9:11.90,,,,
Thomas Bussard,,,,,,,,,,,,,9:21.12,,
Nicolas Kaelin,,,,,,,,,,11:52.00,,,,,
Alexis Antille,,,11:26.27,,,,,,,,,,,,
Jonathan Schreiber,,,,,11:58.55,,,,,,,,,,
Dylan Merlos,,,,,,,,,,,10:59.36,,,,
Till Eigenheer,,,9:52.74,,9:26.36,9:25.92,,,,,,,,,
Simon Rossier,,,,,,,,,,,,,9:55.64,10:21.96,10:03.84
Sium Zerehannes,,,,,,,,9:08.78,8:43.61,8:44.97,8:44.85,8:50.76,,,
Florian Ulrich,,,,,,,,,10:18.71,9:48.95,9:33.62,9:20.04,9:29.06,,
Andreas Feller,10:28.56,,,,,,,,,,,,,,
Ivan Gisler,8:20.78,,,,,,,,,,,,,,
Michael Gut,,12:45.32,12:15.73,,,,,,,,,,,,
Mahder Hdinkiel,,,,,,,,,,,,,9:41.85,,
Jean-Noël Pasini,,,,,,17:33.81,,,,,,,,,
Irian Nathan,,,10:14.02,10:01.02,9:58.35,,,,,,,,,,
Nico Oechslin,,,,,,,,,10:53.84,9:59.90,10:11.10,,,,
Geoffrey Beuchat,,,,,,,,10:32.62,,,,,,,
Lukas Maiori,,,,,,10:10.29,10:34.58,,,,,,,,
Toto Notari,,10:06.39,10:47.26,,,,,,,,,,,9:46.54,9:39.28
Adrian Binggeli,,,,,,10:17.86,,,,,,,,,
Domenik Meier,,,,,,,,9:13.33,9:52.03,,,,,,
Marco Trummer,9:43.06,9:56.11,10:04.35,10:03.85,,,,,,,,,,,
Célien Melly,,,,,,,,,,,,,9:36.23,,
Livio Scheuch,,,,,,,10:59.90,,,,,,,,
Clément Gilliéron,,,,,,,,,,,,9:33.50,9:16.46,,
Alessandro Cordasco,,,,,9:58.77,,,,,,,,,,
Pascal Schönbächler,,11:35.37,,,10:48.42,10:24.11,,,,,,,,,
Pascal Keller,12:19.55,,,,,,,,,,,,,,
Markus Berger,,,,,,,,10:37.12,10:07.71,10:21.93,10:54.47,10:18.78,,,
Hannes Zimmermann,,,,,,,,,,9:13.05,,,,,
Severin Sager,9:36.29,9:16.03,8:59.32,8:43.64,,8:37.51,,8:30.49,,,,,,,
Justin Nikles,,,,,,,,,11:11.21,10:51.24,,,,,
Remo Wyss,,,,9:14.43,,,9:22.84,9:21.44,,9:35.19,,,,,
Simon Tesfay,8:19.34,,,8:05.32,8:02.05,,,,,8:30.42,,,,,
Cosimo Seiler,,,,,,,,,,,,,10:28.66,,
Matthias Kuert,,,,,,,,,,9:42.02,,,,,10:00.82
Kolbjörn Aase,,,,,,,,,,11:26.50,10:54.63,,,,
Tobias Magyar,,,,,,13:30.25,,,,,,,,,
Thomas Schlittler,,9:04.13,,,,,,,,,,,,,
Philippe Stark,,,,,11:51.58,,,,,,,,,,
Yves Albrecht,,,,,9:31.28,,,,,,,,,,
Ivan Mariano,8:56.75,,,,,,,,,,,,,,
Douglas Kondro,,,,,,,,,9:33.11,,,,,,
Eric Rüttimann,,,,,,8:42.20,,,,,,,,,8:13.21
Fabio Nauer,,,,,,,,,,,,,,,8:58.64
Tobias Nussbaum,,9:54.53,,10:13.72,,,,,,,,,,,
Davide Gambonini,,9:56.83,9:55.30,9:51.57,9:35.78,9:50.07,,,,,,,,,
Julien Wanders,,,,,,,9:00.34,8:31.23,8:35.97,8:24.42,8:17.17,8:18.93,7:50.35,7:43.62,
Joël Andenmatten,,,,,,,,,,,,,,9:41.25,
Loïc Lanthemann,,,,,,,10:31.72,,9:54.18,9:39.20,9:51.89,,,,
Florian Desplanches,,,,,,,,,,,9:37.39,9:39.72,,,
Guillaume Cachelin,,,,,,,,,,,,,8:41.46,8:40.11,8:27.45
David Schneider,,,,9:28.63,9:31.73,,,,,,,,,,
Patrick Rämer,,,,,9:37.63,,,,,,,,,,
Lukas Spycher,,,,,,,,,,,,,,11:15.52,
Marco Wenger,,,,,,,,,10:52.48,,,,,,
Stephan Bärtsch,,,,,,,,,,,,10:33.22,,,
James McMullan,,,,,,,8:43.28,,,,,,,,
Hendrik Engel,,,,,,,9:30.20,,8:48.93,,,,,,8:23.74
Anton Grünenfelder,,,,,,,,,,,,,10:29.19,9:26.94,
Loïc Dubois,,,,,,,,,,,,10:14.30,9:39.91,9:22.06,
Patrick Scheuchzer,9:43.80,9:21.73,9:13.86,9:33.76,,,,,,,,,,,
Urs Schönholzer,9:10.56,9:13.16,9:05.63,8:56.62,9:08.66,9:19.36,9:34.25,,9:28.78,9:27.52,9:39.92,,9:33.10,,9:45.31
Baptiste Fieux,,,,,,,,,,,,,10:13.04,,
Yannik Schlup,,,,,,10:45.03,,,,,,,,,
Alessandro Valentini,,,,,,,10:09.17,9:42.34,,,,,,,
Bilel Mdaini,,,,,,,,9:40.69,8:58.64,,,,,,
Julian Gundi,,,,,,,,,10:46.97,,,,,10:13.74,
David Hodel,,,,,,,,,10:08.94,10:39.85,,,,,
Loïc Dumas,,,,,,,10:27.03,10:34.30,,,,,,,
Lionel Schneider,,,,,,,,,,,,,,9:44.86,9:20.29
Cesar Costa,,9:05.15,9:07.53,,,,,,,,,,,,
Jann Hayenga,,,,,,,,,,,10:17.44,,,,
Christopher Gmür,8:46.09,8:45.08,8:26.86,8:25.31,8:29.35,,,8:28.09,8:26.63,8:57.78,,,8:54.95,,
